10324820876	Canard	bk	Tongonon												animal marked
10327043748	Fourmi	yq	Jugumɛni		Dugumɛnɛ	BFA	Mɛnɛmɛnɛ								animal
-10943763535	Mal	yq	Dimi		Basi										
-1159348157	La semaine passée	bk	Lɔgokun tɛmɛni												calendrier
-1161642427	Justice	bk	Tileninya												marked
-1161731729	Juste	yq	Tilenin		Tilennen										marked
-1161905542	Igname braisé	bk	Ku jeni												nourriture
-1171839580	Orgeuil	yq			Kuncɛbaya										
-12126191650	S'apprêter / préparer	bk	Labɛn												verbe
-12494899734	Inquiéter	bk	Jɔɔrɔ												verbe
1408180573	Reposer	bk	Lafiɲɛ												marked verbe
1445272529459	Comprendre	yq			Faamu										vt
1451813917579	Combien	yq	Joli												question
1516095877	Il est parti la bas	bk	A tagala yen												bouake
-15176919454	Amour	yq	Kanuya		Kanuya										essentiel
-15266935615	Entrer	bk	Do												verbe
-15266981711	Donner	bk	Di												verbe
-15267201502	Profit	yq	Tɔnɔn		Nafa		Tɔnɔ								
-15267243828	Blanc	yq			Gɛ		gwɛ (man)		Jɛ						
-15267346936	Le prix n'est pas cher	bk	A sɔngɔ ma ca												phrase
-15267602340	Combien d'argent sur toi	bk	Joli bɛ i kuŋ / bolo												phrase
-15267635599	Il faut dire	bk	A fɔ ko												phrase
-15267674977	On peut vous satisfaire	bk	O ka nɔgɔ												phrase
1527665647867	Manière	yq			Cogoya										
1527946171929	Travailler	yq			Baara kɛ										vi
1527946171945	Fuir / Echapper / Courir / Conduire	yq			Boli										vi
1527946172032	Qui ?	yq			Jɔn		Jɔnni								
1527946172154	Quand ?	yq			Waati jumɛn		Tuma jumɛn								
1528479911909	Argent	yq			Warigwɛ		Wari								
1528479911910	Argile	yq			Bɔgɔn										
1528479911911	Au travail	yq			Baarakɛyɔrɔ la										
1528479911912	Au-dessus / En haut	yq			San fɛ										essentiel
1528524001	Un doigt ne peut pas lever un cailloux.	bk	Bolokumande kelen tɛ se ka bɛrɛ ta.												phrase
1528620781278	Ce n'est pas tout	dictionaire	O dɔrɔn tɛ												phrase
1538655602	L'homme lui-même	bk	Mɔgɔ yɛrɛ												gens
-15868363272	Fidélité / Intégrité	bk	Kantigiya												
-15920650123	Nouveau	bk	Kura												essentiel
-15924466213	Porte / bouche	bk	Da												essentiel
-15925488548	Vent	bk	Fɔɲɔ												
-15925527333	Tais-toi !	bk	I da tugu !												phrase
-16300439867	Oiseau	yq	Kɔnɔn		Kɔnɔn										animal
-16300500095	Souris	bk	Ɲinan												animal
-16300620645	N'importe quoi	bk	Fɛɛn bɛɛ												essentiel
-16300653533	Feuille	bk	Flaburu		Furaburu										
-16300696439	Herbe	yq	Biŋ		Bin										
-16392853323	Étudier profondément	bk	Kalen kɔ sɛgɛsɛgɛ												marked verbe
-16527240875	Sorte	yq	Sifa												
-16607061439	J'ai besoin de toi	bk	N'mako b' i la												phrase
-16607231724	Prendre / choisir	bk	Ta												verbe
-16607344084	C'est facile	bk	A ka nɔgɔ												phrase
-16607389665	Préocupation / soucis	bk	Haminako												
-16607429763	À mon avis	bk	Ne ya hakili la												phrase
-16729615293	Découragement	yq	Fari faga		Fari faga		Dusu tiɲɛ		Jigitigɛ						
-16729689175	Vieux	bk	Kɔrɔ												essentiel
-16729707913	Ceux la	bk	Nunugu / nunu												essentiel
-16979630904	Viens ici!	bk	Na yan!												phrase
-16979685475	Demande lui	bk	A ɲini ka												phrase
-17134557414	Ville / région	bk	Dugu												
-17151226742	Prochain	yq	Nata		Nata										calendrier essentiel
-17233297689	Pauvre	yq	Fangan tan		Faniɲa, Fantan		Fangan ta la								gens marked
-17233337994	Homme riche	bk	Nafolotigi / wari tigi												gens
-17233546115	Changer	bk	Yɛlɛma												verbe
-17233891349	Que dieu fasse que les enfants grandissent	bk	Ala ye denmisɛnw balo												phrase
-17234019882	Que dieu diminue les soucis	bk	Ala ye haminan koo nɔgɔya												phrase
-17234126057	Longue vie et santé	bk	Si niin kɛnɛya												phrase
-17234185036	Épreuve / crise Difficulté	bk	Gwɛlɛya		Kɔrɔbɔli										
-17234242456	Richesse	yq	Nanfolo		Nafolo										
-17508233029	Pas de maladie est l'ami de l'homme.	bk	Banan tɛ mɔgɔ teri ye.												phrase
-17508246419	Arrêter / Construire	bk	Lɔ												verbe
-17508277250	Nombreux	yq	Cayala		Ca (ka)										
-17508334753	En tout cas!	bk	Akɔnii!												phrase
-17508347819	Encore	yq	Tuguni		Tuguni		Fɔlɔ	BFA	Tugu						connecteur essentiel marked
-17508390259	Chef	bk	Ŋamɔgɔ												gens
-17509100479	Maladie	yq	Bana												santé
-17509221102	À Bouaké on doit parler Jula.	bk	Bouake kɔnɔ an ka kan ka julakan fɔ.												phrase
-17509277263	Je dois...	bk	N ka kan ka...												phrase
-17509316697	Je peux...	bk	N be se ka...												phrase question
-17509603056	Qu'est-ce que tu as dit?	bk	I ka mu fɔ?												phrase question
-17509681716	As-tu dit quelque chose?	bk	I ka dɔ fɔ wa?												phrase
-17509773102	Deuxième nouvelle (un peu en dessous)	bk	Dɔɔni be a kɔrɔ												phrase
17834855115	Lourd	yq	Gwili		Guli										marked
-17944849393	Construction	yq	Lɔli		Dilanni										verbe
-17944876358	Construire	bk	Lɔ		Dilan										verbe
-17945360773	Page	yq	Sɛbɛ ɲɛɛ		Ɲɛɛ										
-18161797927	Champ de riz	bk	Malo foro												
-18161840020	Marché africain	bk	Farafin lɔgɔ												
-18161892064	Haricot	yq	Sɔsɔ		Sɔsɔ										nourriture
-18161991914	Que dieu ait pitié de lui!	bk	Ala ye hine a la												phrase
-18162015864	Chef du village	bk	Dugutigi												essentiel gens
-18162051855	Chef de l'état	bk	Jamana kuntigi												
-18162100858	Nouvelles	bk	Kibaro												
-18162364837	Accompagner	yq	Blasira		Bilasira…la										verbe
-18162548526	Ils ont le palu	bk	Sumaya be o la												phrase
-18162625383	Frère	bk	Balimancɛ												essentiel gens
-18434267659	Fièvre	yq	Farigwan		Farigwan		Farigan	3							santé
-18434296505	Mal de tête	bk	Kun dimi	n kun Koko be dimi											corp
-18434366707	Paludisme	bk	Sumaya dimi												
-18510955590	Conseil	bk	Ladili												
-18512229590	Ensemble	yq	Ɲɔngɔn fɛ		Ɲɔgɔn fɛ										essentiel
-18512251732	À venir / Prochain	yq			Nata										
-18512314835	Étudiant	yq	Lakoliden		Kalanden										gens
-18766567636	Perdre	bk	Tunu												leech verbe
-18766759486	Partout	yq	Yɔrɔbɛɛ		Yɔrɔ bɛɛ										
-18766798266	Chercher	yq	Ŋini		Ɲini										verbe
-18767289424	Cahier / papier	bk	Sɛbɛ												essentiel
-19139389977	Lait caillé	yq	Nɔnɔ kumu												nourriture
-19139440581	Gingembre	bk	Ɲamaku												nourriture
-19139454040	Fruit	bk	Yiriden												
-19139521467	Arbre	yq	Yiri		Yiri										
-19139544883	Vélo	yq	Nɛgɛso		Nɛgɛso										
-19139632939	Fer	yq	Nɛgɛ		Nɛgɛ										
-19139757608	Endroit	bk	Yɔrɔ												essentiel
-19139843034	Demander / prier	bk	Daari												verbe
-19139873076	Coq	yq	Dɔndɔn												animal
-19139899404	Commerçant	bk	Jagokɛla		Ferekɛla										gens
-19139923953	Cochon	bk	Kɔkɔti												animal bouake
-19139969925	Citron	bk	Lenburu kumu												nourriture
-19140002611	Chiot	bk	Wuluden												animal
-19140085269	Chemin	bk	Sira												essentiel
-19140257313	Assiette	bk	Tasa												essentiel
-19140267857	Arachide	yq	Tiga		Tigɛn										nourriture
-19338911167	Cest le prix	bk	A sɔngɔ lo												phrase
-19338985231	Le prix est cher	bk	A sɔngɔ ka ca												phrase
-19339865406	Combien côute les oignons	bk	Jaba ye joli												phrase
-19339921610	Aubergine	bk	Gɔyɔ												nourriture
-19754582047	Bonne soirée	bk	Ala ye wula nɔgɔya												phrase
-201499735	Garder (promesse)	bk	Dafa												marked verbe
-20534178906	Abattoir	bk	Misifaga yɔrɔ												
21895485548	Allons	bk	An ye taga.	CIV			An ka taga.	MLI							phrase
21895511963	Arretes-toi	bk	Ile lɔ												phrase
22159347319	Avant de	yq	Kasɔrɔ ka		Ka sɔrɔ		Sanni								connecteur
22159392751	Sinon	yq	N'o tɛ		Ni o tɛ										connecteur
22159414639	Mais	bk	Nka												connecteur
22159427790	Pour cela	bk	O kosɔn												marked
22159483862	Avant que	yq	Sani		Yanni ka sɔrɔ ka ...										connecteur
22161653911	Ce n'est pas ça / lui	bk	Ale tɛ												phrase
22488632402	L'homme qui fait l'homme	bk	Mɔgɔ be yen mɔgɔ kɛ mɔgɔ ye												phrase
24580719515	Depuis que	bk	Kabini												connecteur
24580780075	Si	yq	Mana		Ni										bambara connecteur unbouake
2476966392	Criquet	bk	Jolon												animal marked
2476995342	Griot	bk	Jeli												marked
2477221638	Explication		Sɛgɛsɛgɛli												
25096152763	Prier	yq			Deli		Dari		Seli						verbe
25097016718	Écrire	yq	Sɛbɛli kɛ		Sɛbɛ										verbe
-25299906327	Bonne journée	bk	Ala ye bi nɔgɔya												phrase
-25714836626	Enfant	yq	Den		Den		Denmisɛn								essentiel
-25714846273	Ici	yq			Yan										
-25714963738	Machette	bk	Bese												essentiel
-25714986524	Couteau	yq	Muru		Muru										
-25715028728	Canari	bk	Daga												essentiel
-25715063327	Non	bk	Ɔn ɔn												essentiel question
-25715138543	Oui	yq	Ɔnhɔn												essentiel question
-25715160808	Quoi	bk	Mun												question
-25715223912	Est-ce que...	bk	...wa												essentiel question
-25715308632	C'est	bk	Lo												essentiel
25810073427	Nourrir	bk	Balo												marked verbe vi
26490304959	Déchirer	bk	Farafara		Faran										verbe
26490383932	Ce n'est pas pour moi	bk	N ta tɛ												phrase
26490421635	C'est à moi	bk	N ta lo												phrase
26568426171	Fais le venir.	bk	Taa a la na.												bouake phrase
26641994456	Douter	yq	Siga		Siga										verbe
-26807921802	Pardonner	yq	Yafa		Yafa mɔgɔ ma										verbe
-26935477634	Affaire bon	bk	Koɲuman												
-26935497994	Affaire mauvais	bk	Kojugu												
-26935523175	Affaire	bk	Koo												essentiel
26984085147	Jusqu'à présent	yq			Halibi		Hali bele								
26986729853	Pour sa part / quant à	bk	Kɔni												connecteur
-27001294005	Bonne route (arrivé / retour)	bk	Ala y'a ɲuma nan												phrase
-27001359839	Bonne route (arriver)	bk	Ala y'a ɲuma se												marked phrase
-27012867677	Je veut te montrer quelque chose	bk	N' be fɛ  ka fɛn dɔ yira i la												phrase
27201819760	Arrête !	bk	A dabla !	CIV	A to !	ALT									phrase
27205737326	Oeil		Ɲakili	CIV	Ɲakise	BFA	Ɲɛ		Ɲakile						corp
27206246061	Lutter		Kɛlɛ	CIV	Bondori	BFA									
27206395649	Foi	yq	Lanaya	CIV	Lanaya	BFA									
27206473406	Quelle heure/quand	bk	Tuma juman	CIV	Wagati juman	BFA									calendrier question
27206573736	Ou bien	bk	Wala	CIV	Walama	BFA	Walima								connecteur
27207485786	Pourquoi ?	bk	Mu na?		Mun kosɔn?										question
27249273076	Voir	yq		I ka mobili ye	Ye										vt
-27410066336	Bonne nuit	bk	Ala y'an bɔ su la												marked phrase
-27414022752	Discussion	bk	Baro												essentiel
-27502629559	Louer	bk	Tando												verbe
-27502669907	Toujours	yq			Bele										
27767656744	Ananas	bk	Jabibi	Mli											nourriture
27768736655	Guêpe	yq	Dondoli		Dondoli										animal
27768736657	Fourmi ailée	yq	Dugumani siman												animal
27768736661	Lionceau	yq	Jaraden		Jaraden										animal
27768736662	Corbeau	yq	Kaankaan												animal
27768736663	Loup	yq	Kongo wulu												animal
27768736666	Mouche	yq	Limɔgɔ												animal
27768736668	Veau	yq			Misiden										animal
27768736670	Agneau	yq	Sagaden		Sagaden										animal
27768736671	Éléphant	yq	Sama		Sama										animal
27768736672	Poulet	yq	Sisɛ		Sisɛ	BFA	Sɛsɛ								animal
27768736675	Moustique	yq	Soso		Soso										animal
27768736676	Singe	yq	Sula		Sula										animal marked
27768736677	Grenouille	yq	Tɔri sen jan		Tɔri										animal marked
27783419432	Bénin	yq			Benɛn										
27809169043	Humilité / Modestie	yq			Majigilenya										
27809169044	Poing	yq			Bolokuru										corp
27809169045	Barbe	yq	Bonbonsi												corp
27809169046	Salive	yq			Daji										corp
27809169047	Haleine	yq			Dakasa										corp
27809169048	Utérus	yq			Denso										corp
27809169049	Thorax	yq			Disikolo										corp
27809169050	Pénis	yq alasane	Fɔrɔ		Sogoni										corp
27809169051	Épaule	yq			Gama										corp
27809169052	Cou	yq			Kaan										corp
27809169053	Nuque	yq			Kaankala										corp
27809169054	Genou	yq	Kunbiri kun		Kunbiri										alasane corp
27809169055	Langue	yq			Nɛɛn										delete
27809169056	Vache	yq	Misimuso												corp
27809169057	Yeux	yq	Ɲadenw		Ɲɛ		Ɲɛdenw								corp
27809169058	Uriner	yq			Ɲɛgɛnɛ										corp
27809169059	Dent	yq			Ɲiin										corp
27809169060	Poil	yq			Sii										corp
27809169061	Paume	yq			Tɛgɛ		Tigɛ								corp
27871587030	Pied	yq	Sen		Seen										corp
27946171920	Enceinte	yq			A kɔnɔman lo										santé
27946171921	Indifférent	yq			A tɛ  mako don										
27946171922	Jamais (à)	yq			Abada										
27946171923	Dans nos régions	yq			An ka mara la										
27946171924	Nous avons besoin de	yq			An mako b'a la ka										
27946171925	Ampoule	yq			Anpuli										santé
27946171926	Enveloppe	yq			Anwolopu										
27946171927	Avion	yq			Aviyɔn										
27946171928	Travail / Tâche	yq			Baara										
27946171930	Adulte	yq			Baliku										gens
27946171931	Alimenter / Élever	yq			Balo		Dumunidi								verbe
27946171932	Maman (personnelle)	yq			Bamuso										gens
27946171933	Microbe	yq			Banakisɛ										santé
27946171934	Maladie contagieuse	yq			Banayɛlɛmata										santé
27946171935	Naître / Reproduire (enfants)	yq			Bange		Wolo		Wolo						santé
27946171936	Parent	yq			Bangebaga										gens
27946171937	Stérilité	yq			Bangekɛbaliya										santé
27946171938	Fécondité	yq			Bangeli										santé
27946171939	Neveu	yq			Belen		Dɔgɔnin dencɛ								
27946171940	Oncle maternelle	yq			Belencɛ										
27946171941	Cousin	yq			Belenden										
27946171942	Abandonner	yq			Bila										verbe
27946171943	Accueillir / Souhaiter la bienvenue	yq			Bisimila										verbe
27946171944	Selles / Excréments	yq			Bo										corp
27946171946	Véhicule	yq			Mobili		Bolifɛn								
27946171947	Vaccination	yq			Boloci										santé
27946171948	Circoncision / Excision	yq			Boloko		Kɛnɛkɛnɛ		Bolo koli						santé
27946171949	Bien rasé	yq			Bonbosi li koɲuman										santé
27946171950	Plaie	yq			Bonɛ										santé
27946171951	Élargir / Grandir Vénérer / Respecter	yq			Bonya (v.)										verbe
27946171952	Honneur / Respect	yq			Bonya (n.)										
27946171953	Peuple / Descendance	yq			Bɔnsɔn		Jama								gens
27946171954	Centre / Milieu	yq			Camancɛ										
27946171955	Ramasser / Rassembler	yq			Cɛ		Lajɛn								verbe
27946171956	Célibataire (homme)	yq			Cɛ gwanna										gens
27946171957	Homme / Mâle / Mari	yq			Cɛɛ		Cɛman								gens
27946171958	Vieux (homme)	yq			Cɛkɔrɔba										gens
27946171959	Vieillard	yq			Cɛkɔrɔnin										gens
27946171960	Porte	yq			Daa		Koon								
27946171961	Limite / Fin / Extrémité	yq			Daan		Danyoro		Dan na		A ka misɛn				
27946171962	Limiter	yq			Daan bɔ										verbe
27946171963	Mettre fin	yq			Daan sigi										verbe
27946171964	Sevrage	yq			Dabɔli										corp
27946171965	Accomplir / Comptéter / Réaliser	yq			Dafa										verbe
27946171966	Voyelle	yq			Dafanin										
27946171967	Consonne	yq			Dafata										
27946171969	Fermer / Enfermer / Couvrir	yq	Tugu		Datugu										verbe
27946171970	Aider / Assister	yq			Dɛmɛ										verbe
27946171971	Soutien / Aide	yq			Dɛmɛli										
27946171972	Berger	yq			Dɛndɛbaga		Misigɛna		Sagadɛndɛna						gens
27946171973	Plaire	yq			Diya mɔgɔ ye										verbe
27946171974	Chasseur	yq	Doso		Donso										gens
27946171975	Musicien	yq			Dɔnkilidala										gens
27946171976	Seulement	yq			Dɔrɔn		Dama								
27946171977	Villageois	yq			Dugumɔgɔ										gens
27946171978	Voyageur	yq			Dugutagala										gens
27946171979	Douanier	yq			Duwaɲɛcɛ										gens
27946171980	Chef (puissant) / Dignitaire / Dirigeant	yq			Faama										gens
27946171981	Pauvres	yq			Faantanw										gens
27946171982	Papa	yq			Baba										gens
27946171983	Frère / Demi-frère	yq			Faden										gens
27946171984	Tuer, Abattre, Éteindre	yq			Faga										verbe
27946171985	Tueur	yq			Fagalikɛla										gens
27946171986	Orphelin	yq			Falatɔ										gens
27946171987	Vers	yq			Fan fɛ		Tumuw								
27946171988	Énergie, Force, Puissance	yq			Fanga										
27946171989	Tailleur	yq			Fanikalanla										gens
27946171990	Ajouter	yq			Fara										verbe
27946171991	Pharmacien	yq			Faramasiɲɛ										gens
27946171992	Corps	yq			Fari										corp
27946171993	Corps / Peau	yq			Farikolo										corp
27946171994	Athlète / Sportif	yq			Farikoloɲanagɛla		Farijola		Farikoloɲanagwɛla						gens
27946171995	Perfusion	yq			Farilajidon										santé
27946171996	Citoyen	yq			Fasoden										gens
27946171997	Fou	yq	Fatɔ												gens
27946171998	Vendeur	yq			Feerelikɛla										gens
27946171999	Trébucher	yq			Fili										verbe
27946172000	Peste	yq			Finyɛbana		Bana yɛlɛmata								santé
27946172001	Veuve (pendant veuvage)	yq			Firiyamuso										gens
27946172002	Aveugle	yq			Fiyɛntɔ										gens
27946172003	Manquer	yq			Fɔn										verbe
27946172004	Médicament	yq	Fila		Fura										santé
27946172005	Soigner	yq			Fura										santé
27946172006	Meilleurs soins	yq			Furakɛcogo fisamanw										santé
27946172007	Epoux	yq			Furucɛ										gens
27946172008	Conjoint	yq			Furuɲɔgɔnma										gens
27946172009	Mariés	yq			Furuɲɔgɔnman										gens
27946172010	Ville voisine	yq			Gɛrɛfɛ dugu										
27946172011	Secret	yq			Gundo										
27946172012	Chauffer	yq			Gwan										
27946172013	Gratuit	yq			Gwansan										
27946172014	Dûr / Solide	yq			Gwɛlɛ										essentiel
27946172015	Esprit	yq			Hakili										
27946172016	Paix	yq			Hɛɛrɛ										
27946172017	Tiens !	yq			Hɔn										
27946172018	Honnêteté	yq			Hɔɔronya										
27946172019	Déshabiller (se)	yq			I ka faniw bɔ										
27946172020	Imagine, Pensez-y	yq			I ka miiri ka filɛ										
27946172021	S'assécher / Sécher	yq			Ja (v.)										verbe
27946172022	Commerce	yq			Jago		Jagokɛyɔrɔ								
27946172023	Affaire commerciale	yq			Jagoko										
27946172024	Courage	yq			Jagwɛlɛya		Lasun								verbe
27946172025	Accuser, Condamner	yq			Jalaki										verbe
27946172026	Longueur	yq			Janya										
27946172027	Descendre	yq			Jigi										verbe
27946172028	Encouragement	yq			Jijali										
27946172029	Effort sérieux	yq			Jijali sobɛ										
27946172030	Jeans	yq			Jini										
27946172031	Blessure	yq			Joginda		Madimida								santé unbouake
27946172033	Dessous / Sous	yq			Jukɔrɔ										
27946172034	Discuter	yq			Ka baro kɛ										verbe
27946172035	Vacciner	yq			Ka boloci										santé
27946172036	En outre / Par ailleurs	yq			Ka fara o kan		Fan wɛrɛ fɛ								
27946172037	Rappeler (se)	yq			Ka hakili jigi										verbe
27946172038	Être naturel	yq			Ka kɛ i yɛrɛ ye										
27946172039	Analyser	yq			Ka sɛgɛsɛgɛ (ka filɛ)										verbe
27946172040	Ralentir	yq			Ka sumaya										verbe
27946172041	Résister	yq			Ka to kelen kan		Lafasa								verbe
27946172042	Cuisiner	yq			Ka tobili kɛ										verbe
27946172043	Voix	yq			Kan										
27946172044	Méningite	yq			Kanjabana										santé
27946172045	Enseignant	yq			Karamɔgɔ										gens
27946172046	Carte	yq			Karti										
27946172047	Sentir	yq			Kasabɔ										verbe
27946172048	Accident	yq			Kasara										
27946172049	Pleurer	yq			Kasi										verbe
27946172050	Devenir	yq			Kɛ ... yɛ										verbe
27946172051	Livre	yq			Gafe										verbe
27946172052	Exciser	yq			Kɛnɛ-kɛnɛ		Kɔrɔ		Siginɛgɛ						santé
27946172053	Santé / Favorise la santé	yq			Kɛnɛya		Ka kɛ kɛnɛya la								santé
27946172054	Juge	yq			Kititigɛla		Kitibaga								gens
27946172055	Annoncer	yq			Ko fɔ										verbe
27946172056	Nord	yq			Kɔgɔdugu yan fan fɛ										
27946172057	Rivière	yq			Kɔji										
27946172058	Puit	yq	Kɔlɔn		Kɔlɔn										
27946172059	Prendre garde	yq			Kɔlɔsi										verbe
27946172060	En particulier / Quant à / En tout cas	yq			Kɔni										
27946172061	Diarrhée	yq			Kɔnɔboli										santé
27946172062	Avortement	yq			Kɔnɔcɛn										santé
27946172063	Couple	yq			Kɔɲɔcɛ ni kɔɲɔmuso										gens
27946172064	Mariée	yq			Kɔɲɔmuso										gens
27946172065	A l'Est	yq			Kɔrɔn fɛ										
27946172066	Remarquer	yq			Kɔrɔsi										verbe
27946172067	Maîtriser	yq			Kɔrɔsi (ex: ka dusubɔ kɔrɔsi)										verbe
27946172068	Vieillesse	yq			Kɔrɔya										santé
27946172069	S'écrier / Crier	yq			Kule		Ka kule								verbe
27946172070	Cri	yq			Kulekan										
27946172071	Parole	yq			Kuma										
27946172072	Mot	yq			Kumaden		Daɲɛw								
27946172073	Phrase	yq			Kumasen										
27946172074	Lèpre	yq			Kuna		Kunatɔbana								santé
27946172075	Orgueilleux	yq			Kuncɛba										gens
27946172076	Hauteur	yq			Kundama		Tintin								
27946172077	Délivrer / Racheter	yq			Kunmabɔ		Kisi		Hɔɔɔrɔnya		Labɔ				verbe
27946172078	Chef, propriétaire	yq			Kuntigi		Tigi								gens
27946172079	Ranger	yq			Laben										verbe
27946172080	Conseiller	yq			Ladi										
27946172081	Suggestion / Conseil / Recommandation	yq			Ladili										verbe
27946172082	Raconter / Relater	yq			Lakali										verbe
27946172083	Camarade de classe	yq			Lakɔli filankuru										gens
27946172084	À l'école	yq			Lakɔli la										
27946172085	Venir (faire)	yq			Lana										verbe
27946172086	Annuler	yq			Lasa		Dabila								verbe
27946172087	Avertir	yq			Lasɔmi										verbe
27946172088	Comprimé	bk	Filakise												gens
27946172089	Gérant d'un hôtel	yq			Lotɛlitigi										gens
27946172090	Apaiser	yq			Mada		Dusu Mala								verbe
27946172091	Rabaisser	yq			Mafiɲɛya										verbe
27946172092	Maman	yq			Mama										gens
27946172093	Petit-fils	yq			Mamaden										gens
27946172094	Grand-mère	yq			Mamamuso										gens
27946172095	Fiancer	yq			Maminɛ										gens
27946172096	Million	yq			Miliyɔn										chiffre
27946172097	Centaines de millions	yq			Miliyɔn kɛmɛ-kɛmɛ										chiffre
27946172098	Soif	yq			Minɔgɔ										
27946172099	Automobiliste	yq			Mobilitigi										gens
27946172100	Meurtrier	yq			Mɔgɔ fagala										gens
27946172101	Prochain (personne)	yq			mɔgɔnyogon										gens
27946172102	Endurer	yq			Muɲu		Kɛlɛ								verbe
27946172103	Rebeller (se)	yq			Muruti mɔgɔ ma										verbe
27946172104	Veuve	yq			Muso cɛ salen										gens
27946172105	Célibataire (femme)	yq			Muso gwanna										gens
27946172106	Bonne épouse	yq			Muso ɲuman										gens
27946172107	Affaiblir	yq			Nagasi										verbe
27946172108	Menteur	yq			Ngalɔntigɛla										gens
27946172109	Larme	yq	Ɲaji		Ɲɛji										santé
27946172110	Questionner	yq			Ɲiningan										verbe
27946172111	Plaindre (se)	yq			Ŋuna		Ŋunuŋunu		Dajukɔrɔ kuma fɔ						verbe
27946172112	Patron	yq			Patɔrɔn										gens
27946172113	Permis (de conduire)	yq			Pɛrɛmi										
27946172114	Acheter	yq			Saan										verbe
27946172115	Sain	yq			Saniman										santé
27946172116	Hygiène / Propreté	yq			Saniya										santé
27946172117	Siècle	yq			Sankɛmɛkuluw										
27946172118	Ciel	yq			Sankolo										
27946172119	Arc en ciel	yq			Sanmuru		Ala ka muru								
27946172120	Tonnerre	yq			Sanpɛrɛ										
27946172121	Payer	yq			Sara (v.)										verbe
27946172123	Répéter	yq			Segi a kan		Fɔ tugu								
27946172124	Voisin	yq			Sigiɲogon										gens
27946172125	Cohabitant	yq			Sigiɲɔgɔw										gens
27946172126	Effroi	yq			Siranya										
27946172127	Maintenant / Tout de suite	yq			Sisan										
27946172128	Partager	yq			Son		Tilan								verbe
27946172129	Tuberculose	yq			Sɔgɔsɔgɔgwɛ										santé
27946172130	Crapeau	yq	Tɔri												a
27946172131	Soldats	yq			Sɔrɔdasiw										gens
27946172132	Palu	yq			Sumaya										santé
27946172133	Bouton / Furoncle	yq			Sumunin										santé
27946172134	Prendre	yq			Ta										verbe
27946172135	Partez	yq			Ta ka bɔ yan										
27946172136	Aller / Partir	yq			Taa		Taga								verbe
27946172137	Feu	yq			Tasuma		Ta								
27946172138	Véritable ami	yq			Teri sɔbɛ										gens
27946172139	Bras / Main	yq			Bolo										corp
27946172140	Passer	yq			Tɛmɛ										verbe
27946172141	Couper / Traverser	yq			Tigɛ										verbe
27946172142	Découper	yq			Tigɛtigɛ										verbe
27946172143	Propriétaire	yq	Tigitigi		Tigi										gens
27946172144	Achever / Terminer / Finir (un travail)	yq			Tila										verbe
27946172145	Jour / Soleil	yq	Tere	CIV	Tere	BFA	Tile	MLI	Lon						essentiel
27946172146	Ouest	yq			Tileben										
27946172147	Est (point cardinal)	yq			Tilebɔ		Kɔrɔn								
27946172148	Sucrer	yq			Timi										verbe
27946172149	Accoucheuse	yq			Tinminɛla										gens
27946172150	Tee-shirt	yq			Tiriko										
27946172151	Éternuer	yq			Tiso										santé
27946172152	Langue des signes	yq			Tulogwɛlɛnw ka kumacogo										
27946172153	Arrière petit fils	yq			Tulomasama										gens
27946172155	Appeler	yq	wele		wele		Kiri		weele						verbe
27946172156	Bouillir	yq			Wili wili										verbe
27946172157	Trier	yq			Woloma										verbe
27946172158	Sud	yq			Worodugu yan fan fɛ										
27946172159	Charpentier	yq			Yiri dɛsɛla										gens
27946172160	Sculpteur	yq			Yirilɛsɛla										gens
27946172161	Journaliste	yq			Zurunali sɛbɛrikɛla										gens
28035546765	Ajuster / Aplanir / Niveler	yq			Dakɛɲɛ										verbe
28035546766	Depuis 16 ans	yq			A saan 16 ye nin ye										verbe
28364392934	Nous sommes dans la main de Dieu.	alasane	An be Ala bla la.												
28365516628	Ongle	alasane	Bolo sɔɔni												alasane corp
28366286693	Sourcis / Cil	alasane	Ɲa sii												alasane corp
28366354150	Paupière	alasane	Ɲa fara												alasane corp
28366446248	Pupille	alasane	Ɲakiseden												alasane corp
28366622927	Heure	yq	Lɛri		Lɛri		Nɛgɛ ɲɛɛ ... ex: tan								calendrier
28366846362	Gorge	alasane	Kaan file file												alasane corp
28367029046	Mamelon	alasane	Suun												corp
28367076607	Poitrine	alasane	Disi	m b i disi ka re											alasane corp
28367283754	casser	alasane	ci	vitre pneu	kare	bois poitrine disi									alasane
28367609785	Poumons	alasane	Sɔɔn kuna kuna												alasane corp
28367778141	Intestins	alasane	Kɔnɔ nogo												alasane corp
28367944447	Nombril	alasane	Bara kun												alasane corp
28367971257	Veine	source	Fasa juru												alasane corp
28368107720	Sang	alasane	Joli	(n.)											alasane corp
28368192363	Levres	alasane	Dagwolo												alasane corp
28368284086	Langue	alasane	Nɛɛn		Nɛɛnkun										alasane corp
28368362045	Fesse	alasane	bobara												alasane corp
28368415340	Cerveau	alasane	Kun nɛɛn		Zɛmɛ										alasane corp
28368569026	Bouton	alasane	Suguni		Sumuni										corp marked santé
28368659410	Piqure	alasane	Kuru												alasane corp marked
28368841297	Crâne	alasane	Kun kolo												alasane corp
28368987505	Machoire	alasane	Dagwana												alasane corp
28369148070	Moustache	alasane	Nun sii												alasane corp
28370590572	Gros coeur (qui se fâche facilement)	alasane	Dusuba												alasane corp
28371300085	l'homme a une jambe	alasane	Cɛ sen kelen nin												alasane corp
28382876273	Aujourd'hui encore	yq			Hali bi										
28382876274	Banane	yq			Baranda										nourriture
28382876275	Beignet de haricot	yq			Faaro										nourriture
28382876276	Bouillie	yq			Baga										nourriture
28382876277	Bouillon	yq			Nanji										nourriture
28382876278	Café	yq			Kafe										nourriture
28382876279	Condiments	yq			Nanfɛnw										nourriture
28382876280	Couscous	yq			Basi										nourriture
28382876281	Foie	yq			Biɲɛ										nourriture
28382876282	Galette	yq			ɳɔmi										nourriture
28382876283	Huile	yq			Tulu										nourriture
28382876284	Il s'est exclamé que	yq			A kabara k'a fɔ ko										
28382876285	Il s'est exclamé:	yq			A kabara ko:										
28382876286	Jeune fille	yq			Sunguruw (filles)										
28382876287	Jeune garçon	yq			Kamalenw (garçons)		Kanbele								
28382876288	Jeunes	yq			Funankew										
28382876289	Pain	yq			Buru										nourriture
28382876290	Sauce	yq			Nan										nourriture
28382876291	Sel	yq			Kɔgɔ										nourriture
28382876292	Un / Seul	bk			Kelen										
28382876293	Sorgho	yq			Binbiri										nourriture
28382876294	Ventre / Intérieur	yq			Kɔnɔ (n.)		Kɔnɔbara								corp
28382876295	Viande	yq			Sogo										nourriture
-31737613286	Sur	yq			Kan										
-31737677739	À côté de	yq	Gɛrɛfɛ		Kɔrɔ		Kɛrɛ fɛ								
-31737738050	La-bas	bk	Yan fɛ ye												marked
-31737763795	Au dessus / sur	bk	Kun na												leech
-31737841068	En bas / par terre	bk	Dugu man												
-31737845063	En haut	bk	San fɛ												
-3222246334	De temps en temps	bk	Tuma dɔw / tuma dama dama												marked
3317696881	C'est mieux.	bk	A ka fisa.												phrase
-3421980794	À cause de cela...	bk	O lo kama...												marked phrase
-34269420531	Endurer persévérer	bk	Sɔmina												leech verbe
-3582239531	Ensuite (ajouter)	bk	Ka fara o kan												connecteur essentiel
-3582266273	Promesse	yq	Layiri		Layidu		dajuru								leech marked
3661703856	Endurance		Muɲuli												wt
3670486778	Aigle	bk	Segɛn												animal
3670506647	Hippopotame	bk	Meeri	CIV/BFA			Mali	MLI							animal
3670546453	Chèvre de montagne	bk	Kongo baa												animal
3670593377	Crocodile	bk	Bamba												animal
3671015070	Caffard	bk	Ɲɛmbɛrɛ												animal bouake
-3743863285	Humilier	bk	Maroya												bouake marked verbe
-3743945078	Homme orgeuilleux		Kuncɛba												
3747847407	Peur	yq			Siran		Jatigɛ								
3748239431	Il est dit que...	bk	A fɔra ko...												phrase
3755525512	Imiter / Refléter		Ladegi		Ladegi		Ladege								
3755562597	Chameau	yq	Ɲɔgɔmɛ		Ɲɔgɔmɛ										animal marked
3755666635	Papillon	bk	Firinfirin												animal marked
3827656569	Entraîner		Degi												
3827696317	Eau	yq	Jii		Jii										essentiel
3832771434	Espérer	yq	Jigi		Jigi	N jigi b'a la.									
3845946176	Attendre	yq	Kɔnɔ		Kɔnɔ (v.)		Kɔnɔni kɛ		Makɔnɔ						verbe
3846098296	Canari / Marmite	yq	Daga		Nɛgɛdaga										
-3849934239	Musa n'est pas allé à korhogo	bk	Musa ma ta korhogo												phrase
-3849952656	Petite soeur	bk	Dɔgɔmuso												essentiel gens
-3849977637	Petit frère	bk	Dɔgɔcɛ												essentiel gens
-3849997403	Grande soeur	yq			Kɔrɔ muso										gens
-3850035477	Grand frère	yq			Kɔrɔ cɛ										gens
-3852135199	Arriver	bk	Se												verbe vi
-3852205822	Ce jour-la	bk	O loon												calendrier
-4003352986	Continue / vas-y	bk	A kɛ dɔrɔn		Taga a fɛ		Taga a man								bouake
-4005544967	Devoir	bk	Ka kan ka												essentiel
-40318372109	Alors puis maintenant donc	bk	Ayiwa												connecteur essentiel
403627311	Commencer	yq	Dabɔ		Daminɛ (v.)		Damina								verbe vi
403694429	Cesser / abandonner / Arrêter / Laisser	bk	Dabla		To		Dabila								bouake marked verbe
-40927183476	Cendre	yq	Buguri		Buguri(gwɛ)										
-40927312869	Aujourd'hui	yq	Bi		Bi										calendrier
-4122869514	Esclavage	bk	Jɔnya												
-4123020142	Punir		Ɲangi												
-4123054025	Humble	yq	Majiginin		Majigilen										marked
4294519453	Dos	bk	Kɔ												essentiel
4363400853	Votre mère est venue.	bk	Aw bamuso nan na.												phrase
4363400854	Je vous ai vus.	bk	N k'aw ye.												phrase
4363400855	Ou est Awa? Elle est dans la maison.	bk	Awa be min? A be bon kɔnɔ.												phrase
4363400856	Moussa a frappé son petit frère.	bk	Musa k'a dɔgɔcɛ bugɔ.												phrase
4363400857	Ta voiture, je ne l'ai pas encore vue.	bk	I ta mobili, n m'a ye fɔlɔ.												marked phrase
4363400858	Il ne fait jamais quelque chose de bien.	bk	A tɛ koɲuman kɛ abada.												phrase
4363400859	L'homme n'est rien.	bk	Adamaden kɔni tɛ foyi ye.												phrase
4363400860	Dieu est unique.	bk	Ala ye kelenpe ye.												phrase
4363400861	C'est notre père.	bk	An facɛ lo.												phrase
4363400862	Ne nous frappe pas.	bk	Kana an bugɔ.												phrase
4363400863	Il a acheté du poisson et du piment.	bk	A ka jɛgɛ ni foronto san.												phrase
4363400864	Il l'a dit à Moussa et à Bakari.	bk	A k'a fɔ Musa ni Bakari ye.												phrase
4363400865	Eh bien, la bouillie et le café ne sont pas la même chose.	bk	Ayiwa, baga ni kafe tɛ kelen ye.												phrase
4363400866	Il a commencé à avoir de la fièvre, euh, avant-hier matin.	bk	Farigwan k'a minɛ, ayiwa, kuna sini sɔgɔma.												phrase
4363400867	Bon, je m'en vais.	bk	Ayiwa, n be taga.												marked phrase
4363400868	Eh bien, qu'est-ce qu'il fait?	bk	Ayiwa, a be mun lo kɛla?												marked phrase
4363400869	Est-ce que ton travail te satisfait?	bk	I ta baara ka ɲi i ma wa?												phrase
4363400870	Il travaille.	bk	A be baara kɛ.												phrase
4363400871	Il est au travail.	bk	A be baara la.												phrase
4363400872	Bon travail!	bk	I ni baara!												phrase
4363400873	Il travaille le fer.	bk	A be nɛgɛ baara.												phrase
4363400874	Travailleur	yq			Baarakɛla										
4363400875	L'eau n'est pas très fraiche. Ça ne fait rien, donne m'en.	bk	Ji ma glasi kosobɛ. Baasi tɛ. Dɔ di n ma.												phrase
4363400876	Pardon! De rien!	bk	Sabari!  Basi tɛ!												phrase
4363400877	L'essence est fini.  C'est grave.	bk	Taji bana. O kɛra baasi ye.												phrase
4363400878	Il ne faut pas que quelqu'un accuse son semblable.	bk	Jɔn kana baga. I jɔn ɲogɔn ma.												marked phrase
4363400879	Le poison tue l'homme.	bk	Baga be adamaden faga.												phrase
4363400880	Le cheval est un animal.	bk	Soo ye bagan ye.												phrase
4363400881	Il y a deux sortes de joueurs de balafon.   Celui qu joue le grand balafon, et celui qui joue le plus petit.	bk	Balafɔla ye sugu fla ye. Balabafɔla ani baladeninfɔla.												phrase
4363400882	Qu'est-ce qui t'a empêché de venir ?	bk	Mun k'i bali ka na?												phrase
4363400883	N'avoir pas mangé et n'avoir pas dormi ne sont pas bon.	bk	Domunikɛbaliya ni sunɔgɔbaliya, o man ɲi.												phrase
4363400884	Le cafe est trop chaud.	emmanuel	Café gwana kojugu.		Café gwana balibali.										phrase
4363400885	Ce sont ses parents qui ont arrangé le mariage.	bk	A balimaw lo ka furu siri.												phrase
4363400886	Nous sommes parents.	bk	Anw be balimaw ye.												phrase
4363400887	Les parents de fanta sont venus nombreux pour son mariage.	bk	Fanta balimaw nan na ka caya a furuko kosɔn.												phrase
4363400888	Elle nourrit dix personnes.	bk	A be mɔgɔ tan balo.												phrase
4363400889	Je vends de la nourriture.	bk	N be balo feere.												phrase
4363400890	Que dieu prete vie à cet enfant!	bk	Ala ka den balo.												phrase
4363400891	Beaucoup de gens sont morts, mais Moussa, lui, a survécu.	bk	Mɔgɔw caman sala, Musa kɔni balola.												phrase
4363400892	Il est en vie.	bk	A be balo la.												phrase
-43834129304	À cause de  / En raison de / Gâce à	bk	Kosɔn		Sababu fɛ										connecteur
-44178557456	Passer / dépasser	bk	Tɛmɛ												verbe
-4431224777	Même	yq	Yɛrɛ		Yɛrɛ										
-44437459979	S'assoir	bk	Sigi												verbe
-44437573903	Étranger	bk	Lonacɛ		Lonan		Dunan		Lonacɛ						gens
-44437908548	Sortir	bk	Bɔ												verbe
-44439246043	Gater	bk	Can												verbe vt
-44639764826	Conscience	bk	Dusukun												
-44647220195	Réponse	bk	Jabili												essentiel question
-44647367870	Demander	yq	Ɲiniga		Deli		Mɔgɔ ɲinigan fɛn na		Fɛn ɲini mɔgɔ fɛ						verbe
-45246239492	Montrer	yq	Yira		Yira mɔgɔ la										verbe
4542062599	Coriandre	bk	Kusubara												marked nourriture
-4633547634	Ancêtre	yq			Bɛmacɛ										bambara verbe
-4633571900	Peut-être	yq	N'a sɔrɔ		N'a sɔrɔ		I be taa a sɔrɔ								connecteur essentiel
4639316715	Espérance	yq	Jigiya		Jigiya										
4696245302	Entendre	yq	Mɛn		Mɛnni kɛ		Mɛn								essentiel verbe
4696293185	Venir	yq			Na										verbe
4696360801	Chaise	bk	Sigilan												essentiel
-47881654071	Ils / Eux	bk	O	CIV	Olugu		U	BFA	Ulu		U	MLI	Olu		essentiel pp
-47881692877	Vous	bk	Aw	CIV	Alugu		Aw	BFA	Aw		A	MLI	Aw		essentiel pp
-47881764516	Nous	bk	An	CIV	Anugu		An	BFA	Anw		An	MLI	Anw		essentiel pp
-47881810910	Il elle lui	bk	A / Ale	CIV	A / Ale	BFA	A / Ale	MLI							essentiel pp
-47881877351	Tu / Toi	bk	I	CIV	Ile		I	BFA	Ile		I	MLI	E		essentiel pp
-47881986758	Je moi	bk	N	CIV	Ne		N	BFA	Ne		N	MLI	Ne		essentiel pp
-48185682132	Bientôt	yq	Yanni dɔnni		Yanni sɔnni		Sɔnni								
-48185883125	Effort	bk	Jijali	(n.)											
-48185883126	Fatiguer	bk	Sɛgɛ												verbe vt
-48185883127	Encourager		Jija												marked verbe
-48185883128	Prix	yq	Sɔngɔ		Sara (n.)		Sɔngɔn								essentiel
-48185883129	Amitié	bk	Teriya												
-48185883131	Aide	bk	Dɛmɛli												
-48185883132	Afin que / pour que	yq	Walasa		Janko		Walisa ka …								connecteur
-48185883133	Accepter	yq			Ka son										verbe
-48185883134	Abeille	yq	Liden		Liden										animal
-48185883135	À cause de... grace à...	bk	Sababu fɛ												connecteur
-48185883137	Bon appétit	bk	Ala y'a suma i kɔnɔ												phrase
-48185883138	Avant hier	bk	Kuna sini												calendrier
-48185883139	Après demain	bk	Sini kɛnɛ												calendrier leech
-48185883140	Obtenir / trouver / Gagner	bk	Sɔrɔ												verbe
-48186082422	Qui	bk	Jɔn												question
4896902309	Chef de maison	bk	Sotigi												gens
4897052312	Reveiller	bk	Lakunu		Kunu										verbe vt
-49188586989	Vouloir	yq	Fɛ		Fɛ										verbe
-49188671553	Fidèle	bk	Kantigiman												
-49188696477	Famille	yq	Denbaya		Denbaya										gens
4947716332	Frère (même mère)	bk	Badencɛ												gens
-5043793285	En faisant / ce faisant	bk	Kɛtɔ												essentiel
-51724231588	Oignon	yq	Jaba		Jaba										nourriture
-51724268609	Jouer au ballon	yq	Balɔntan		Tan		balon tan								
-51725530041	Montre	bk	Mɔntɔrɔ												
-51741127489	Parler / parole	bk	Kuma												verbe
-52064706662	S.v.p.	bk	Hakɛ to												essentiel
-52064831738	Ceux-ci	bk	Ninugu												essentiel
-52135832225	Jeter	yq	Firi		Fili		Firi								verbe vt
-52136264022	Ordures	bk	Ɲaman												essentiel
-52136464178	Dire	yq	Fɔ		Fɔ										verbe vt
-52136790920	Réparer	yq			Lalaga		Ladinɛ		Lalaga						
-52136836214	Poisson	yq	Jɛgɛ		Jigɛ										animal nourriture
-52136922846	Frire	bk	Yiran												verbe
-52139218999	Tirer	yq	Saman		Ci										verbe vt
-52139281000	Maïs	yq	Kaba		Kaba										nourriture
-52139354827	Saluer	yq			Fo										verbe vt
-52656018470	Lavage	bk	Koli												
-52656018471	Laver	yq	Ko		Ko										verbe
-52656018472	Couture	bk	Karanni												
-52656018473	Coudre	yq	Karan		Kala										verbe vt
-52656018474	Répondre	yq			Jaabi		Jaabili kɛ								verbe
-52656018475	Petit garçon	bk	Cɛdennin												gens
-52668375815	Ami	yq	Tericɛ		Teri										gens
-52670046300	Beaucoup / Nombreaux / Abondance	bk	Caaman		Caya										essentiel
-52670184464	C'est qui	bk	Jɔn lo												question
-52670184465	Vie	yq	Niin		Niin		Ɲɛnamaya								
-52670184466	Pagne	yq	Fani		Taafe		fani								
-52670184467	Dans	yq	Kɔnɔ (post)		Kɔnɔ (prép.)										essentiel
-52670184468	Monde / terre	bk	Duniɲa												wt
-52670184469	Vérité	yq			Tiɲɛ										
-53015204863	Piment	bk	Foronto												nourriture
-53015256195	Patate grillé	bk	Woso yirani												nourriture
-53015409422	Igname bouillie	bk	Ku beleke												nourriture
-53015497479	Orange	bk	Lenburuba												nourriture
-53015534347	Carotte	bk	Karoti												nourriture
-53015567472	Papaye	bk	Papaye												nourriture
-53015596267	Viande de mouton	bk	Sagasogo												nourriture
-53015645222	Viande de boeuf	bk	Misisogo												nourriture
-53015680904	Patate	bk	Woso												nourriture
-53015739901	Pâte d'arachide	bk	Tiga dɛgɛ												nourriture
-53015823452	Mangue	bk	Mangoro												nourriture
-53015967622	Combien coute  cet avocat?	bk	Avocati nin ye joli joli?												phrase question
-53016087839	Faut  diminuer (enlever)	bk	Dɔ bɔ a la												phrase
-53016196473	C'est trop  cher	bk	A sɔngɔ ka gwɛlɛ												phrase
-53182470323	Pardon	yq	Sabari		Sabari		Yafa		Hake to						
-53241055339	Courir	bk	Bori												verbe
-53241136646	Chanson	bk	Dɔnkili												
-53241176888	Semer	bk	Sɛnɛ												verbe
-53241205095	Cuisine	yq			Gwabugu	Gwa	Gwa								
-53241239980	Préparer	bk	Tobi												verbe
-53257444419	Vendre	yq	Feere		Feere										verbe vt
-53257466897	Manger	yq	Domuni kɛ		Dumuni kɛ										verbe
-53257498070	Boire	yq			Mini kɛ		Min								verbe
-53277754058	Se promener	bk	Yala												verbe
-53277784628	Tête	yq	Kun		Kun		Kungolo								corp
-53277835100	Igname	yq	Ku		Ku										nourriture
-53277853604	Rat	bk	Toto												animal
-53545395742	Sauter	yq			Panpan		Ka pan								verbe
-53545395743	Danser	yq	Dɔn		Dɔɔn kɛ										verbe
-53545395744	Vomir	yq			Fɔɔnɔ										santé
-53545395747	Mil	yq	Ɲɔ		Ɲɔɔ										nourriture
-53545395748	Lait	yq	Nɔnɔ		Nɔnɔ										nourriture
-53545395749	Riz	yq	Malo		Malo		Kini								essentiel
-53545395750	Étoile	yq	Lolo		Lolo										essentiel
-53545395751	Penser	yq	Miiri		Mirili		Miiri		Bisigi						
-53545395752	Boeuf	yq	Misi												animal
-53545395753	Entente	bk	Bɛn												
-53805499233	Français	yq	Faransika		Faransikan										
-53805657835	Oncle paternel	bk	Benicɛ												gens
-53806166054	C'est mardi aujourd'hui	bk	Bi ye tarata ye												calendrier phrase
-53806211031	Élève	yq			Lakɔliden										gens
-53806530587	Tante	yq			Tenɛmuso										gens
-53806567719	Chauffeur	bk	Sofɛricɛ												gens
-53807248070	Pays	yq			Jamana										
-53807309109	Soir	yq	Wula		Wula										
-53807343565	Matin	bk	Sɔgɔma												calendrier essentiel
-53807402499	Autre	yq	Wɛrɛ		Wɛrɛ										connecteur essentiel
-53872831278	Professeur	bk	Lakɔlifa												essentiel
-53873102985	Demain	yq	Sini		Sini										calendrier
-53873236373	Après	bk	Kɔfɛ												essentiel
-53873263150	Année	bk	Saan												calendrier
-53873303585	Semaine	yq	Lɔgɔkun		Lɔgɔkun										calendrier
-53873333109	Jour		Loon												calendrier
-53873557747	Mois	yq	Kalo		Kalo										calendrier
-53873571460	Hier	yq			Kunu										
-53873672574	Jeune homme	bk	Kamelen												essentiel
-53873715604	Marché	yq	Lɔgɔ		Lɔgɔfiyɛ		Sugu								essentiel
-53958647735	Maison / Bâtiment / Chambre	bk	Boon / soo		Bon (n.)										essentiel
-53958647736	Queue	yq	Kukala		Ku		Kokala								corp
-53958647737	Lapin	bk	Sozani												animal
-53958647738	Oreille	yq	Toro		Tulo		Tolo								corp
-53958647739	École	yq			Lakɔli										
-53958647740	Roue	bk	Pine												essentiel
-53958647741	Repas / Nourriture / Plat	yq	Domuni		Dumuni		Fana								essentiel
-53958647742	Cheveux	yq	Kunsigi		Kunsigi										corp
-53958647743	Amie	bk	Terimuso												essentiel
-53958647744	Bolo	bk	Bras												essentiel
-53958647745	Mère	bk	Bamuso												essentiel gens
-53958647746	Voiture	yq	Mobili		Mobili										essentiel
-54031938759	Chaussure	yq	Samara		Samara		Sanbara								essentiel
-54031985691	Chemise	bk	Dereke												essentiel
-54126056361	Septembre	yq	Sɛtanburukalo		Sɛtanburu										calendrier
-54126083347	Août	yq	Utikalo		Uti										calendrier
-54126114666	Juillet	yq	Zuwekalo		Zuwe										calendrier
-54126157170	Juin	yq	Zuɛnkalo		Zuwɛn										calendrier
-54126187129	Mai	yq	Mɛkalo		Mɛkalo										calendrier
-54126222165	Avril	yq	Awirilikalo		Awirilikalo										calendrier
-54126250680	Mars	yq	Marisikalo		Marisikalo										calendrier
-54126282469	Février	yq	Feburukalo		Feburukalo										calendrier
-54126345103	Janvier	yq	Zanwiyekalo		Zanwiye										calendrier
-54217186342	Question	yq	Ɲiningali												essentiel question
-54218555366	Laquelle préfères-tu?	bk	I be juman lo fɛ?												leech phrase
-54218752717	Je suis en train de faire quelque chose	bk	N'be fɛɛn dɔ kɛ la												phrase
-54218752718	Ne me regarde pas	bk	Kana n filɛ												phrase
-54218752719	C'est quelle chose?	bk	Fɛɛn juman lo?												leech phrase question
-54218752720	Laquelle?	bk	Juman lo?												phrase question
-54218752721	Qu'est que c'est?	bk	Nin ye mun lo ye?												leech phrase question
-54218752722	C'est quoi ?	bk	Mun lo?												question
-54218752723	Comment?	bk	Cogo di?												question
-54218752724	Écouter	yq			Lamɛni kɛ										verbe
-54218752725	Dormir	yq	Sinɔgɔ		Sunɔgɔ										verbe
-54218752726	Ça, celui-ci, celui-là	bk	Nin												essentiel
-54218752728	Paragraphe	yq	Dakun		Dakun										
-54218752730	Soeur	bk	Baliman muso												essentiel
-54292927907	Décembre	yq	Desanburukalo		Desanburu										calendrier
-54293052445	Novembre	yq	Novanburukalo		Novanburu										calendrier
-54293290889	Octobre	yq	Ɔkutɔburukalo		Ɔkutɔburukalo										calendrier
-5462122209	Que dieu te benisse	bk	Ala i duga		Ala i baraji										phrase
-54727441325	Compréhension	yq	Faamuli		Faamuyali		Famuli								
-54727486070	Vraiment	yq	Tiɲɛ tiɲɛ na	CIV	Tiɲɛn na		Tigitigi								
-54727498336	Éduquer / discipliner	bk	Kolo												verbe
-54727515367	Pousser  / motiver	bk	Lasun												leech verbe
-54727531939	Coeur	bk	Dusu		Dusukun										
-54727546144	Parce que	yq	Sabu		K'amasɔrɔ		Bari		Katuguni		Sabu				connecteur
-5481833799	Marcher	yq			Taagama		Taama								verbe
-55000189426	Samedi	yq	Samedilɔn		Samedi										calendrier
-55000189427	Vendredi	yq	Jumalɔn		Juman										calendrier
-55000189428	Mercredi	bk	Arabalɔn												calendrier
-55000189429	Mardi	bk	Taratalɔn	CIV	Talatalɔn	BFA	Taratadɔn	MLI							calendrier
-55000189430	Lundi	bk	Tɛnɛnlɔn												calendrier
-55000189431	Jeudi	yq	Alamisalɔn		Lamisalon										calendrier
-55000189432	Dimanche	yq	Dimansilɔn / hatilɔn		Dimansi										calendrier
-55362297427	Paysan	bk	Sɛnɛkɛla												essentiel
-55362297428	Docteur	yq	Dɔkɔtɔrɔcɛ		Dɔgɔtɔrɔ										gens
-55362297431	Fille	yq			Sunguru		Denmuso								gens
-55362297432	Famille étendue	bk	Somogow												essentiel
-55362297434	Petit-frère	bk	Dogocɛ												essentiel
-55362297438	Père	yq			Facɛ		Faa								gens
-55365479141	Africain	bk	Farafin												essentiel
-55365492608	Européen	bk	Tubabu												essentiel
-55856535101	Chien	yq	Wulu		Wulu										essentiel
-55856535102	Lion	yq	Waraba		Jara	BFA									animal
-55856535103	Homme / male	bk	Cɛɛ												essentiel
-55856535105	Partir aller	bk	Taga												essentiel verbe
-55856535106	Dépouilles, morts	bk	Suw												
-55856535107	Voler	yq			Soɲali kɛ		Soɲɛ		Sɔɲa						verbe
-55856535108	Cheval / maison	bk	Soo												animal
-55856535111	Mourir	bk	Saya												verbe vi
-55856535114	Grande pluie	bk	Sanjiba												essentiel
-55856535115	Pluie	bk	Sanji												essentiel
-55856535116	Mouton	bk	Saga												animal
-55856535117	Serpent	bk	Saa												animal
-55856535118	Bon	yq	Ɲuman		Ɲɛɛ (v. Intrans.)										essentiel
-55856535119	Femme	bk	Muso												essentiel
-55856535120	Homme / personne	bk	Mɔgɔ												essentiel
-55856535121	Désobéissant	bk			Kanminɛ bali										bambara marked unbouake
-55856535122	Obéir	yq	Kanminɛ		Kaan minɛni kɛ		Kolo		Kanminɛ						marked verbe
-55856535123	Ange	yq	Mɛlɛkɛ		Mɛlɛkɛ										
-55856535124	Décider	yq	Latigɛ		Latigɛ										marked verbe
-55856535125	Tomber	yq			Bɛn										vi
-55856535127	Tromper	yq			Nɛgɛ		Lafili								verbe
-55856535128	Bateau	bk	Kurunba		Kurun										essentiel
-55856535129	Pirogue	bk	Kurun												essentiel
-55856535131	Très	bk	Kosɔbɛ												essentiel
-55856535134	Sauver	yq			Kisi fɛn ma (mɔgɔ...)										verbe
-55856535138	Aimer	yq			Kanu										verbe
-55856535139	Interdit	yq	Kana		Dagalen tɛ										essentiel
-55856535140	Apprendre / étudier	bk	Kalan		Dege		Degi								verbe
-55856535141	Pécher	bk	Jurumu												verbe
-55856535142	Chose	yq	Fɛɛn		Fɛɛn										essentiel
-55856535143	Mauvais	bk	Jugu												essentiel
-55856535144	Image	bk	Jaa												
-55856535145	Vivre	bk	Ɲɛnamaya												verbe
-55856535146	Paix / bonheur	bk	Hɛrɛ (n.)												essentiel
-55856535147	Heureux	yq	Hɛrɛ (adj)		Dagamunin										essentiel
-55856535148	Détruire	yq			Halaki										
-55856535149	Se souvenir / esprit penser	bk	Hakili												verbe
-55856535150	Marier	bk	Furu												verbe
-55856535151	Petit	bk	Fitini												essentiel
-55856535152	Aussi	yq			Fana		Nunu								
-55856535153	Oeuf	yq	Fan		Fan										essentiel
-55856535154	Âne	yq	Fali		Fali	BFA	Sofali								animal
-55856535155	Tuer	bk	Faga												verbe
-55856535156	Terre	yq	Dugukolo		Bɔgɔ										essentiel
-55856535158	Grand / hauteur	bk	Jaɲa												leech
-55856535159	Chat	yq	Jakuma		Jakuma										essentiel
-55856535161	Enfants	bk	Denw												essentiel
-55856535162	Petit enfant	bk	Denmisɛnin												essentiel
-55856535163	Garçon	bk	Dencɛ												essentiel
-55856535165	Mendier / demander	bk	Deli												verbe
-55856535166	Créature	bk	Danfɛn												
-55856535167	Parfait	yq	Dafalen												
-55856535168	Faire	yq	Kɛ		Kɛ										verbe
-55856535170	Droite	bk	Bolo ɲuman	CIV	Kini bolo	MLI									essentiel
-55856535171	Gauche	bk	Bolo jugu	CIV	Numan bolo	MLI									essentiel
-55856535173	Gros	bk	Belebele												essentiel
-55856535174	Tous	yq	Bɛɛ		Bɛɛ										essentiel
-55856535175	Adorer	yq			Bato										verbe
-55856535176	Chèvre	yq	Baa		Baa										animal
-55856535177	Servir / travailler		Baara												verbe
-55856535178	Grand	bk	Ba												essentiel
-55856535179	Joli	yq	Cɛ ka ɲi		Cɛɲi										essentiel phrase
-55856535181	Dieu	bk	Ala												essentiel
-55856535182	C'est bon	bk	A ka ɲi												essentiel phrase
-55856535183	Merci / diminuer	bk	Barika												essentiel
-55856535184	Jamais	yq	Abada		Fewu		Ka ye								essentiel
-5587347447	C'est comme ça	bk	A be tɛ												essentiel phrase
-5642987963	Bonté	yq	Ɲumanya		Ɲumaya										
-5643947273	Exemple	yq	Ɲɛyirali		Nyɛyirali		Misali								
-5644181930	Courage	yq			Jagɛlɛya										
-5810084146	C'est moi	bk	Ne lo												phrase
-5841878338	Un long chemin	bk	Sira ka jan												phrase
-5843352880	Regarder	yq	Filɛ	CIV	Filɛli kɛ	BFA									marked
-5926327875	Je suis entré dans la maison	bk	N dola bon na.												phrase
-5926384811	J'ai un rhume.	bk	Mura be n na.												phrase
-5926408929	Rhume	yq			Mura										santé
6098503772	Que dieu accept salutations	bk	Ala du amina												marked
6102892193	Pauvreté	yq	Fantanya		Fantanya										
6107549852	Quelques années plus tard...	bk	Saan damanin o kɔ...												phrase
-6414475196	Est-ce que c'est intéressant?	bk	O ka di wa?												phrase question
-6415305877	Tu dis quoi ?	bk	Ile ko di ?												phrase
-6416047111	Tous le temps cest pas le meme chez dieu	bk	Wagati bɛɛ tɛ kelen ye ala fɛ												phrase
6681786393	Quelqu'un honnête	bk	Kankelentigi												marked
6684371870	Gauche (à)	yq			Numan (bolo) fɛ										essentiel
-6713724513	Je voulais dire que...	bk	Ne be fɛ ka fɔ ko...												phrase
-6713968474	Je dis	bk	Ne ko												phrase
-6714023040	Jusqu'à	yq	Fɔɔ		Kabini										essentiel phrase
-6714070575	Je ne viendrai pas	bk	N tena na												phrase
-6758381958	J'ai une chemise	bk	Dereke be ne fɛ												phrase
-6758788631	Le mal guéri le mal	bk	Dimi lebɛ dimi sa												phrase
-6966007741	Jai un bic.	bk	Biki be ne fɛ.												phrase
-7051617887	Joie	yq	Ninsɔndiya		Nyagali										verbe
-7056601206	J'ai une montre	bk	Montɔrɔ be ne fɛ												
7214395493	Compatir		Makari												marked wt
-7455322472	Et / si	bk	Ni												essentiel
-7539514123	C'est mieux aujourd'hui	bk	Bi ka fisa												phrase
-7539576588	Comment va l'enfant	bk	Den fari be di?												phrase
-7539868355	Louche	bk	Kuru ba		Yelen										
-7539952918	Fourchette ou écumoire	bk	Kuru sɔgɔsɔgɔ												
-7539976876	Cuillière	bk	Kuru												
-7540204535	Connaissance	yq	Lɔniya		Lɔniya										verbe
-7540249164	Connaitre	bk	Lɔn												verbe vt
-7540359438	Changement	yq	Yɛlɛmali		Yɛlɛmani										
-7651829509	Miel	yq	Li		Li										nourriture
-7662480041	Force / Puissance	bk	Fanga												
-7788796832	Que chacun se reveil le matin	bk	Ala an kelen kelen wuli												phrase
-7791876226	Nez	yq			Nu										corp
-7791903746	Plante de pied	bk	Sen tɛgɛ												corp
-7791941218	Cuisse	bk	Woto												corp
-7792030022	Gros orteil	bk	Sen kumande ba												corp
-7792055372	Petit doigt	bk	Bolo kumande fitini												corp
-7792085208	Pouce	bk	Bolo kumande ba												corp
-7792110343	Doigt	yq	Bolokumande		Bolokanden										corp
-7839977565	Bleu	yq	Bula		Bula (man)										couleur
-7840058159	Jaune	yq	Nere		Nɛrɛnu(man)										couleur
-7840060490	Vert	yq	Biŋkɛnɛ		Binkɛne(man)										couleur
-7878131213	Je suis venu sur moto.	bk	N nan na moto kan.												phrase
-7878259120	Je suis venu en voiture.	bk	N nan na mobili kɔnɔ.												phrase
-7878326931	Bonne guerison	bk	Ala ka nɔgɔya kɛ												phrase
-7878496085	La matinée est arrivée; il n'y a rien de mal	bk	Dugu gwɛ la; foyi tɛ												phrase
-7878568457	On est ensemble.	bk	An be ɲɔgɔn fɛ.												phrase
-7878667522	Serre-moi la main	bk	I tɛgɛ do n bolo		Bolo dɔ n bolo										marked phrase
-8088147732	Rouge	yq	Wuleman		Wuleman										couleur
-8088212970	Noir	yq			finman										
-8099771854	Devant	yq	Ɲɛ fɛ		Ɲɛ										
-8345687794	Je ne veux pas te fatiguer	bk	N tɛ fɛ k' i sɛgɛ												phrase
-8360950170	J'ai compris.	bk	N ka faamu.												phrase
-8360992248	J'ai compris. / J'ai entendu.	bk	N ka mɛn.												phrase
-8361038700	Je t'ai entendu.	bk	N k'i lamɛn.												phrase
-8439635054	Il est grand	bk	A ka jan												phrase
-8520295119	Respect	bk	Bonya (n.)												
-8521542029	Poisson fumé	bk	Jɛgɛ usu												nourriture
-8522151866	Attends moi	bk	Lɔ ka n kɔnɔ												phrase
-8522305713	Un jour avant hier	bk	Kuna sini kɔfɛ												calendrier
-8523180370	C'est ça	bk	O lo	p.											phrase
-8523273944	Ils ne sont pas ici	bk	O tɛ a?												phrase
-8878884938	Ca fait deux jours	bk	A kɛla tere fila	CIV			I ni la fila	MLI							essentiel phrase
-9126606725	Neuf / Nouveau	yq			Kura										phrase
9184690720	Salutation champ	bk	I ni sɛnɛ		i ni kongo										essentiel
9184723890	Salutation cuisine	bk	I ni gwa												salutations
9184759070	Salutation marché	bk	I ni lɔgɔ												essentiel
9184791617	Salutation lessive ou porter l'eau	bk	I ni kɔɔ												essentiel
-9558056281	Revenir	yq	Sekɔ		Ka kɔsegin ka na										calendrier verbe vi
