Depuis 16 ans	yq	A saan 16 ye nin ye												28035546766	verbe
Il a acheté du poisson et du piment.	bk	A ka jɛgɛ ni foronto san.												4363400863	phrase
Cesser / abandonner / Arrêter / Laisser	bk	Dabla		To		Dabila								403694429	bouake marked verbe
Tuer, Abattre, Éteindre	yq	Faga												27946171984	verbe
Demander à boire	yq	Ka minji deli												1529143433496	
Il a commencé à avoir de la fièvre, euh, avant-hier matin.	bk	Farigwan k'a minɛ, ayiwa, kuna sini sɔgɔma.												4363400866	phrase
Moussa a frappé son petit frère.	bk	Musa k'a dɔgɔcɛ bugɔ.												4363400856	phrase
Marché africain	bk	Farafin lɔgɔ												-18161840020	
Soutien / Aide	yq	Dɛmɛli												27946171971	
Fourmi ailée	yq	Dugumani siman												27768736657	animal
Ensuite (ajouter)	bk	Ka fara o kan												-3582239531	connecteur essentiel
Nombril	alasane	Bara kun		Kɔnɔbara		bàra	bm							28367944447	corp
Testicules	alasane	Belekili												28366095760	alasane corp
Fesse	alasane	bobara				jùkuna,jùmugu	bm							28368362045	corp
Ongle	alasane	Bolo sɔɔni				sɔni,sɔnìfara	bm							28365516628	corp
Casser	alasane	ci	vitre pneu	kare	bois poitrine disi									28367283754	alasane
Machoire	alasane	Dagwana												28368987505	alasane corp
Levres	alasane	Dagwolo												28368192363	alasane corp
Poitrine	alasane	Disi	m b i disi ka re			disi,kɔgɔ	bm							28367076607	corp
Sang	alasane	Joli	(n.)			jòli,basi	bm							28368107720	corp
Intestins	alasane	Kɔnɔ nogo												28367778141	alasane corp
Crâne	alasane	Kun kolo				kùnkolo,kùnkòlòfilen	bm							28368841297	corp
Cerveau	alasane	Kun nɛɛn		Zɛmɛ		kùnkòlòsɛmɛ,kùnkòlòsɔmi	bm							28368415340	corp
Piqure	alasane	Kuru												28368659410	alasane corp marked
Langue	alasane	Nɛɛn		Nɛɛnkun		nɛ	bm							28368284086	corp
Moustache	alasane	Nun sii				dalasi,nukɔrɔsi	bm							28369148070	corp
Paupière	alasane	Ɲa fara												28366354150	alasane corp
Pupille	alasane	Ɲakiseden												28366446248	alasane corp
Mamelon	alasane	Siin												28367029046	corp
Poumons	alasane	Sɔɔn kuna kuna												28367609785	alasane corp
Bouton	alasane	Suguni		Sumuni										28368569026	corp marked santé
Partir aller	bk	Taga												-55856535105	essentiel verbe
Véritable ami	yq	Teri sɔbɛ												27946172138	gens
C'est à moi	bk	N ta lo												26490421635	phrase
Quelques années plus tard...	bk	Saan damanin o kɔ...												6107549852	phrase
Ajuster / Aplanir / Niveler	yq	Dakɛɲɛ												28035546765	verbe
Aspect / Apparence / Forme	yq	Sawura		Kɛcogo		Kɛcogo								1529143433520	
Bon appétit	bk	Ala y'a suma i kɔnɔ												-48185883137	phrase
Aider / Assister	yq	Dɛmɛ												27946171970	verbe
Jouer au ballon	yq	Balɔntan		Tan		balon tan								-51724268609	
l'homme a une jambe	alasane	Cɛ sen kelen nin												28371300085	alasane corp
Nous avons besoin de	yq	An mako b'a la ka												27946171924	
Jamais (à)	yq	Abada												27946171922	
Gauche (à)	yq	Numan (bolo) fɛ												6684371870	essentiel
En bas / par terre	bk	Dugu man												-31737841068	
Maison / Bâtiment / Chambre	bk	Boon / soo		Bon (n.)										-53958647735	essentiel
J'ai besoin de toi	bk	N'mako b' i la												-16607061439	phrase
Ou bien	bk	Wala	CIV	Walama	BFA	Walima								27206573736	connecteur
Eh bien, la bouillie et le café ne sont pas la même chose.	bk	Ayiwa, baga ni kafe tɛ kelen ye.												4363400865	phrase
Eh bien, qu'est-ce qu'il fait?	bk	Ayiwa, a be mun lo kɛla?												4363400868	marked phrase
Arrête !	bk	A dabla !	CIV	A to !	ALT									27201819760	phrase
Dieu	bk	Ala												-55856535181	essentiel
Nous	bk	An	CIV	Anugu		An	BFA	Anw		An	MLI	Anw		-47881764516	essentiel pp
Allons	bk	An ye taga.	CIV			An ka taga.	MLI							21895485548	phrase
Mercredi	bk	Arabalɔn / Araba	CIV	Arabalɔn	BFA	Arabadɔn / Araba	MLI							-55000189428	calendrier
Vous	bk	Aw	CIV	Alugu		Aw	BFA	Aw		A	MLI	Aw		-47881692877	essentiel pp
Grand	bk	Ba												-55856535178	essentiel
Frère	bk	Balimancɛ												-18162625383	essentiel gens
Soeur	bk	Baliman muso		Balimamuso										-54218752730	essentiel
Nourrir	bk	Balo												25810073427	marked verbe vi
Crocodile	bk	Bamba												3670593377	animal
Mère	bk	Bamuso												-53958647745	essentiel gens
Discussion	bk	Baro												-27414022752	essentiel
Gros	bk	Belebele												-55856535173	essentiel
Machette	bk	Bese												-25714963738	essentiel
Entente	bk	Bɛn												-53545395753	
Gauche	bk	Bolo jugu	CIV	Numan bolo	MLI									-55856535171	essentiel
Pouce	bk	Bolo kumande ba				bolonkɔnikunba	bm							-7792085208	corp
Droite	bk	Bolo ɲuman	CIV	Kini bolo	MLI									-55856535170	essentiel
Respect	bk	Bonya (n.)												-8520295119	
Courir	bk	Bori												-53241055339	verbe
Sortir	bk	Bɔ												-44437908548	verbe
Bolo	bk	Bras												-53958647744	essentiel
Gater	bk	Can												-44439246043	verbe vt
Comment?	bk	Cogo di?												-54218752723	question
Canari	bk	Daga												-25715028728	essentiel
Créature	bk	Danfɛn												-55856535166	
Garçon	bk	Dencɛ												-55856535163	essentiel
Enfants	bk	Denw												-55856535161	essentiel
Chemise	bk	Dereke												-54031985691	essentiel
Aide	bk	Dɛmɛli												-48185883131	
Donner	bk	Di												-15266981711	verbe
Entrer	bk	Do												-15266935615	verbe
Petit-frère	bk	Dogocɛ												-55362297434	essentiel
Chanson	bk	Dɔnkili												-53241136646	
Coeur	bk	Dusu		Dusukun		sɔn,dùsu	bm							-54727531939	corp
Conscience	bk	Dusukun												-44639764826	
Tuer	bk	Faga												-55856535155	verbe
Déchirer	bk	Farafara		Faran										26490304959	verbe
Africain	bk	Farafin												-55365479141	essentiel
Vouloir	bk	Fɛ												-49188586989	verbe
Chose	bk	Fɛɛn												-55856535142	essentiel
Comprimé	bk	Filakise												27946172088	gens
Papillon	bk	Firinfirin												3755666635	animal marked
Petit	bk	Fitini												-55856535151	essentiel
Feuille	bk	Flaburu		Furaburu										-16300653533	
Piment	bk	Foronto												-53015204863	nourriture
Vent	bk	Fɔɲɔ												-15925488548	
Marier	bk	Furu												-55856535150	verbe
Aubergine	bk	Gɔyɔ												-19339921610	nourriture
S.v.p.	bk	Hakɛ to												-52064706662	essentiel
Tais-toi !	bk	I da tugu !												-15925527333	phrase
Arretes-toi	bk	Ile lɔ												21895511963	phrase
Image	bk	Jaa												-55856535144	
Ananas	bk	Jabibi	Mli											27767656744	nourriture
Réponse	bk	Jabili												-44647220195	essentiel question
Commerçant	bk	Jagokɛla		Ferekɛla										-19139899404	gens
Griot	bk	Jeli												2476995342	marked
Effort	bk	Jijali	(n.)											-48185883125	
Criquet	bk	Jolon												2476966392	animal marked
Qui	bk	Jɔn		Jɔnni										-48186082422	question
Esclavage	bk	Jɔnya												-4122869514	
Inquiéter	bk	Jɔɔrɔ												-12494899734	verbe
Mauvais	bk	Jugu												-55856535143	essentiel
Laquelle?	bk	Juman lo?												-54218752720	phrase question
Pécher	bk	Jurumu												-55856535141	verbe
Devoir	bk	Ka kan ka												-4005544967	essentiel
Désobéissant	bk	Kanminɛ bali												-55856535121	bambara marked unbouake
Fidèle	bk	Kantigiman												-49188671553	
Couture	bk	Karanni												-52656018472	
Carotte	bk	Karoti												-53015534347	nourriture
Nouvelles	bk	Kibaro												-18162100858	
Lavage	bk	Koli												-52656018470	
Affaire	bk	Koo												-26935523175	essentiel
Très	bk	Kosɔbɛ												-55856535131	essentiel
Après	bk	Kɔfɛ												-53873236373	essentiel
Dos	bk	Kɔ				kɔ	bm							4294519453	corp
Cochon	bk	Kɔkɔti												-19139923953	animal bouake
Vieux	bk	Kɔrɔ												-16729689175	essentiel
Nouveau	bk	Kura												-15920650123	essentiel
Cuillière	bk	Kuru												-7539976876	
Louche	bk	Kuru ba		Yelen										-7539868355	
Pirogue	bk	Kurun												-55856535129	essentiel
Bateau	bk	Kurunba		Kurun										-55856535128	essentiel
Coriandre	bk	Kusubara												4542062599	marked nourriture
Conseil	bk	Ladili												-18510955590	
Reposer	bk	Lafiɲɛ												1408180573	marked verbe
Professeur	bk	Lakɔlifa												-53872831278	essentiel
Reveiller	bk	Lakunu		Kunu										4897052312	verbe vt
Orange	bk	Lenburuba												-53015497479	nourriture
Citron	bk	Lenburu kumu												-19139969925	nourriture
C'est	bk	Lo												-25715308632	essentiel
Étranger	bk	Lonacɛ		Lonan		Dunan		Lonacɛ						-44437573903	gens
Construire	bk	Lɔ		Dilan										-17944876358	verbe
Connaitre	bk	Lɔn												-7540249164	verbe vt
Mangue	bk	Mangoro												-53015823452	nourriture
Humilier	bk	Maroya												-3743863285	bouake marked verbe
Hippopotame	bk	Meeri	CIV			Mali	MLI							3670506647	animal
Abattoir	bk	Misifaga yɔrɔ												-20534178906	
Montre	bk	Mɔntɔrɔ												-51725530041	
Quoi	bk	Mun												-25715160808	question
Pourquoi ?	bk	Mu na?		Mun kosɔn?										27207485786	question
Femme	bk	Muso												-55856535119	essentiel
Ceux-ci	bk	Ninugu												-52064831738	essentiel
Mais	bk	Nka												22159414639	connecteur
Gingembre	bk	Ɲamaku												-19139440581	nourriture
Ordures	bk	Ɲaman												-52136264022	essentiel
Caffard	bk	Ɲɛmbɛrɛ												3671015070	animal bouake
Vivre	bk	Ɲɛnamaya												-55856535145	verbe
Souris	bk	Ɲinan												-16300500095	animal
Chef	bk	Ŋamɔgɔ												-17508390259	gens
Non	bk	Ɔn ɔn												-25715063327	essentiel question
Papaye	bk	Papaye												-53015567472	nourriture
Roue	bk	Pine												-53958647740	essentiel
Serpent	bk	Saa												-55856535117	animal
Année	bk	Saan												-53873263150	calendrier
Mouton	bk	Saga												-55856535116	animal
Pluie	bk	Sanji												-55856535115	essentiel
Mourir	bk	Saya												-55856535111	verbe vi
Arriver	bk	Se												-3852135199	verbe vi
Aigle	bk	Segɛn												3670486778	animal
Fatiguer	bk	Sɛgɛ												-48185883126	verbe vt
Semer	bk	Sɛnɛ												-53241176888	verbe
Paysan	bk	Sɛnɛkɛla												-55362297427	essentiel
S'assoir	bk	Sigi												-44437459979	verbe
Chaise	bk	Sigilan												4696360801	essentiel
Chemin	bk	Sira												-19140085269	essentiel
Chauffeur	bk	Sofɛricɛ												-53806567719	gens
Lapin	bk	Sozani												-53958647737	animal
Matin	bk	Sɔgɔma												-53807343565	calendrier essentiel
Paludisme	bk	Sumaya dimi												-18434366707	
Louer	bk	Tando												-27502629559	verbe
Mardi	bk	Taratalɔn / Tarata	CIV	Talatalɔn	BFA	Taratadɔn / Tarata	MLI							-55000189429	calendrier
Assiette	bk	Tasa												-19140257313	essentiel
Amie	bk	Terimuso												-53958647743	essentiel
Amitié	bk	Teriya												-48185883129	
Lundi	bk	Tɛnɛnlɔn / Tɛnɛn	CIV	Tɛnɛnlɔn	BFA	Ntɛnɛndɔn / Ntɛnɛn	MLI							-55000189430	calendrier
Justice	bk	Tileninya												-1161642427	marked
Préparer	bk	Tobi												-53241239980	verbe
Canard	bk	Tongonon												10324820876	animal marked
Rat	bk	Toto												-53277853604	animal
Européen	bk	Tubabu												-55365492608	essentiel
Perdre	bk	Tunu												-18766567636	leech verbe
Patate	bk	Woso												-53015680904	nourriture
Cuisse	bk	Woto				woro	bm							-7791941218	corp
Chiot	bk	Wuluden												-19140002611	animal
La-bas	bk	Yan fɛ ye												-31737738050	marked
Changer	bk	Yɛlɛma												-17233546115	verbe
Frire	bk	Yiran												-52136922846	verbe
Fruit	bk	Yiriden												-19139454040	
Endroit	bk	Yɔrɔ												-19139757608	essentiel
Bras						bolo	bm							1529657783604	corp
Poignet						bolokan,bolonɛgɛladonyɔrɔ	bm							1529657783627	corp
C'est bon	bk	A ka ɲi												-55856535182	essentiel phrase
Affaire bon	bk	Koɲuman												-26935477634	
Menton						bònbon	bm							1529657783620	corp
Paix / bonheur	bk	Hɛrɛ (n.)												-55856535146	essentiel
À Bouaké on doit parler Jula.	bk	Bouake kɔnɔ an ka kan ka julakan fɔ.												-17509221102	phrase
Porte / bouche	bk	Da												-15924466213	essentiel
Igname bouillie	bk	Ku beleke												-53015409422	nourriture
Igname braisé	bk	Ku jeni												-1161905542	nourriture
C'est ça	bk	O lo	p.											-8523180370	phrase
Le cafe est trop chaud.	emmanuel	Café gwana kojugu.		Café gwana balibali.										4363400884	phrase
Lait caillé	bk	Nɔnɔ kumu												-19139389977	nourriture
À cause de cela...	bk	O lo kama...												-3421980794	marked phrase
À cause de  / En raison de / Gâce à	bk	Kosɔn		Sababu fɛ										-43834129304	connecteur
À cause de... grace à...	bk	Sababu fɛ												-48185883135	connecteur
Pour cela	bk	kjb b												22159427790	marked
Ça, celui-ci, celui-là	bk	Nin												-54218752726	essentiel
Interdit (c'est), totem	yq	Tana lo												1529143433524	
Que chacun se reveil le matin	bk	Ala an kelen kelen wuli												-7788796832	phrase
Salutation champ	bk	I ni sɛnɛ		i ni kongo										9184690720	essentiel
Le cheval est un animal.	bk	Soo ye bagan ye.												4363400880	phrase
Prendre / choisir	bk	Ta												-16607231724	verbe
Sourcis / Cil	alasane	Ɲa sii												28366286693	alasane corp
Gros coeur (qui se fâche facilement)	alasane	Dusuba												28370590572	alasane
C'est comme ça	bk	A be tɛ												-5587347447	essentiel phrase
Affaire commerciale	yq	Jagoko												27946172023	
J'ai compris.	bk	N ka faamu.												-8360950170	phrase
J'ai compris. / J'ai entendu.	bk	N ka mɛn.												-8360992248	phrase
Accomplir / Comptéter / Réaliser	yq	Dafa												27946171965	verbe
Accuser, Condamner	yq	Jalaki												27946172025	verbe
Suggestion / Conseil / Recommandation	yq	Ladili												27946172081	verbe
Arrêter / Construire	bk	Lɔ												-17508246419	verbe
Maladie contagieuse	yq	Banayɛlɛmata												27946171934	santé
À côté de	yq	Gɛrɛfɛ		Kɔrɔ		Kɛrɛ fɛ								-31737677739	
Combien coute  cet avocat?	bk	Avocati nin ye joli joli?												-53015967622	phrase question
Combien côute les oignons	bk	Jaba ye joli												-19339865406	phrase
S'écrier / Crier	yq	Kule		Ka kule		Ka kule								27946172069	verbe
Sauterelle / Criquet	yq	Tɔɔn												1529143433527	animal
Épreuve / crise Difficulté	bk	Gwɛlɛya		Kɔrɔbɔli										-17234185036	
Salutation cuisine	bk	I ni gwa												9184723890	salutations
Bouche						da	bm							1529657783603	corp
Pomme d'Adam	alasane	Kaan file file												28366846362	alasane corp
Mâchoire						dakolo,dagɛlɛkɛ	bm							1529657783618	corp
Pâte d'arachide	bk	Tiga dɛgɛ												-53015739901	nourriture
Combien d'argent sur toi	bk	Joli bɛ i kuŋ / bolo												-15267602340	phrase
Lèvre						dawolo	bm							1529657783617	corp
Viande de boeuf	bk	Misisogo												-53015645222	nourriture
Camarade de classe	yq	Lakɔli filankuru												27946172083	gens
Permis (de conduire)	yq	Pɛrɛmi												27946172113	
Beaucoup de gens sont morts, mais Moussa, lui, a survécu.	bk	Mɔgɔw caman sala, Musa kɔni balola.												4363400891	phrase
Entraîner		Degi												3827656569	
Beignet de haricot	yq	Faaro												28382876275	nourriture
Chef de l'état	bk	Jamana kuntigi												-18162051855	
Après demain	bk	Sini kɛnɛ												-48185883139	calendrier leech
Chef de maison	bk	Sotigi												4896902309	gens
Pas de maladie est l'ami de l'homme.	bk	Banan tɛ mɔgɔ teri ye.												-17508233029	phrase
Mendier / demander	bk	Deli												-55856535165	verbe
Frère / Demi-frère	yq	Faden												27946171983	gens
Centaines de millions	yq	Miliyɔn kɛmɛ-kɛmɛ												27946172097	chiffre
Chèvre de montagne	bk	Kongo baa												3670546453	animal
Viande de mouton	bk	Sagasogo												-53015596267	nourriture
Passer / dépasser	bk	Tɛmɛ												-44178557456	verbe
Plante de pied	bk	Sen tɛgɛ												-7791903746	corp
Pardon! De rien!	bk	Sabari!  Basi tɛ!												4363400876	phrase
Champ de riz	bk	Malo foro												-18161797927	
Peuple / Descendance	yq	Bɔnsɔn		Jama		Jama								27946171953	gens
Langue des signes	yq	Tulogwɛlɛnw ka kumacogo												27946172152	
Au dessus / sur	bk	Kun na												-31737763795	leech
Mal de tête	bk	Kun dimi	n kun Koko be dimi											-18434296505	corp
Avant de	yq	Kasɔrɔ ka		Ka sɔrɔ		Sanni								22159347319	marked connecteur
Affaire de	yq	Koo		Koɲɛ		Koɲɛ								1529143433501	essentiel
Que dieu accept salutations	bk	Ala du amina												6098503772	marked
Que dieu ait pitié de lui!	bk	Ala ye hine a la												-18161991914	phrase
Que dieu diminue les soucis	bk	Ala ye haminan koo nɔgɔya												-17234019882	phrase
Que dieu fasse que les enfants grandissent	bk	Ala ye denmisɛnw balo												-17233891349	phrase
Que dieu prete vie à cet enfant!	bk	Ala ka den balo.												4363400890	phrase
Que dieu te benisse	bk	Ala i duga		Ala i baraji										-5462122209	phrase
Merci / diminuer	bk	Barika												-55856535183	essentiel
Faut  diminuer (enlever)	bk	Dɔ bɔ a la												-53016087839	phrase
Je dis	bk	Ne ko												-6713968474	phrase
Éduquer / discipliner	bk	Kolo												-54727498336	verbe
Tu dis quoi ?	bk	Ile ko di ?												-6415305877	phrase
As-tu dit quelque chose?	bk	I ka dɔ fɔ wa?												-17509681716	phrase
Petit doigt	bk	Bolo kumande fitini												-7792055372	corp
Un doigt ne peut pas lever un cailloux.	bk	Bolokumande kelen tɛ se ka bɛrɛ ta.												1528524001	phrase
Je dois...	bk	N ka kan ka...												-17509277263	phrase
Animal domestique	yq	Begɛn												1529143433472	animal
Mal / Douleur	yq	Dimi												1527946172032	corp
Sans doute	wt	Siga t’a la												1529190677480	
Gérant d'un hôtel	yq	Lotɛlitigi												27946172089	gens
Chef du village	bk	Dugutigi												-18162015864	essentiel gens
Fuir / Echapper / Courir / Conduire	yq	Boli												1527946171945	vi
Discipline / Éducation	yq	Kololi												1529143433500	
Alimenter / Élever	yq	Balo		Dumunidi		Dumunidi								27946171931	verbe
Il elle lui	bk	A / Ale	CIV	A / Ale	BFA	A / Ale	MLI							-47881810910	essentiel pp
Arc en ciel	yq	Sanmuru		Ala ka muru		Ala ka muru								27946172119	
Aujourd'hui encore	yq	Hali bi												28382876273	
Petit enfant	bk	Denmisɛnin												-55856535162	essentiel
Fermer / Enfermer / Couvrir	yq	Tugu		Datugu										27946171969	verbe
Au-dessus / En haut	yq	San fɛ												1528479911912	essentiel
Bonne épouse	yq	Muso ɲuman												27946172106	gens
Guinée Equatoriale	yq	Laginɛ Ekuwat.												1529143433505	lieux
Il est au travail.	bk	A be baara la.												4363400871	phrase
Ou est Awa? Elle est dans la maison.	bk	Awa be min? A be bon kɔnɔ.												4363400855	phrase
Il est dit que...	bk	A fɔra ko...												3748239431	phrase
On est ensemble.	bk	An be ɲɔgɔn fɛ.												-7878568457	phrase
Il est en vie.	bk	A be balo la.												4363400892	phrase
L'essence est fini.  C'est grave.	bk	Taji bana. O kɛra baasi ye.												4363400877	phrase
Il est grand	bk	A ka jan												-8439635054	phrase
Il est parti la bas	bk	A tagala yen												1516095877	bouake
Dieu est unique.	bk	Ala ye kelenpe ye.												4363400860	phrase
Il est venu ici.	bk	A nan na yan.												28299761196	
Famille étendue	bk	Somogow												-55362297432	essentiel
Apprendre / étudier	bk	Kalan		Dege		Degi								-55856535140	verbe
Ils / Eux	bk	O	CIV	Olugu		U	BFA	Ulu		U	MLI	Olu		-47881654071	essentiel pp
Circoncision / Excision	yq	Boloko		Kɛnɛkɛnɛ		Kɛnɛkɛnɛ		Bolo koli						27946171948	santé
Selles / Excréments	yq	Bo												27946171944	corp
C'est facile	bk	A ka nɔgɔ												-16607344084	phrase
Venir (faire)	yq	Lana												27946172085	verbe
En faisant / ce faisant	bk	Kɛtɔ												-5043793285	essentiel
Ca fait deux jours	bk	A kɛla tere fila	CIV			I ni la fila	MLI							-8878884938	essentiel phrase
Muscle						fàsa	bm							1529657783621	corp
Nerf						fàsàjuru,fàsàsira,sɔmìnan	bm							1529657783623	corp
Il faut dire	bk	A fɔ ko												-15267635599	phrase
Santé / Favorise la santé	yq	Kɛnɛya		Ka kɛ kɛnɛya la		Ka kɛ kɛnɛya la								27946172053	santé
Célibataire (femme)	yq	Muso gwanna												27946172105	gens
Jeune filles	yq	Sunguruw												28382876286	
Limite / Fin / Extrémité	yq	Daan		Danyoro		Danyoro		Dan na		A ka misɛn				27946171961	
Mettre fin	yq	Daan sigi												27946171963	verbe
Poumon						fogonfògon	bm							1529657783629	corp
Énergie, Force, Puissance	yq	Fanga												27946171988	
Petit frère	bk	Dɔgɔcɛ												-3849977637	essentiel gens
Grand frère	yq	Kɔrɔ cɛ												-3850035477	gens
Poisson fumé	bk	Jɛgɛ usu												-8521542029	nourriture
Bouton / Furoncle	yq	Sumunin												27946172133	santé
Estomac						fùru	bm							1529657783611	corp
Côte						galaka,sabakolo	bm							1529657783609	corp
Petit garçon	bk	Cɛdennin												-52656018475	gens
Jeune garçons	yq	Kamalenw		Kanbele		Kanbele								28382876287	
Prendre garde	yq	Kɔlɔsi												27946172059	verbe
Élargir / Grandir Vénérer / Respecter	yq	Bonya (v.)												27946171951	verbe
Cailloux / Gravier	yq	Bɛrɛ												1529143433473	
Patate grillé	bk	Woso yirani												-53015256195	nourriture
Bonne guerison	bk	Ala ka nɔgɔya kɛ												-7878326931	phrase
En haut	bk	San fɛ												-31737845063	
Grand / hauteur	bk	Jaɲa												-55856535158	leech
Quelle heure/quand	bk	Tuma juman	CIV	Wagati juman	BFA									27206473406	calendrier question
Avant hier	bk	Kuna sini												-48185883138	calendrier
Jeune homme	bk	Kamelen												-53873672574	essentiel
Célibataire (homme)	yq	Cɛ gwanna												27946171956	gens
Vieux (homme)	yq	Cɛkɔrɔba												27946171958	gens
Quelqu'un honnête	bk	Kankelentigi												6681786393	marked
Viens ici!	bk	Na yan!												-16979630904	phrase
Fidélité / Intégrité	bk	Kantigiya												-15868363272	
Ventre / Intérieur	yq	Kɔnɔ (n.)												28382876294	corp
Bon, je m'en vais.	bk	Ayiwa, n be taga.												4363400867	marked phrase
Encourager		Jija	v											-48185883127	marked verbe
Artère						jòlìbìlènsira	bm							1529657783602	corp
Un jour avant hier	bk	Kuna sini kɔfɛ												-8522305713	calendrier
Ce jour-la	bk	O loon												-3852205822	calendrier
Bonne journée	bk	Ala ye bi nɔgɔya												-25299906327	phrase
Python	kamagate	Mininyanba		Mininyan suruni										1528816741117	animal
Joue						kènken,dafuruku	bm							1529657783616	corp
Lutter		Kɛlɛ	CIV	Bondori	BFA									27206246061	
Os						kolo	bm							1529657783625	corp
Squelette						kolojalan	bm							1529657783634	corp
Rein						kɔmɔkìli	bm							1529657783630	corp
Ventre						kɔnɔ,kɔnɔbara	bm							1529657783637	corp
Cheveu						kùnsigi	bm							1529657783605	corp
Ceux la	bk	Nunugu / nunu												-16729707913	essentiel
Il l'a dit à Moussa et à Bakari.	bk	A k'a fɔ Musa ni Bakari ye.												4363400864	phrase
Serre-moi la main	bk	I tɛgɛ do n bolo		Bolo dɔ n bolo										-7878667522	marked phrase
À l'école	yq	Lakɔli la												27946172084	
Cest le prix	bk	A sɔngɔ lo												-19338911167	phrase
Salutation lessive ou porter l'eau	bk	I ni kɔɔ												9184791617	essentiel
A l'Est	yq	Kɔrɔn fɛ												27946172065	
Tous le temps cest pas le meme chez dieu	bk	Wagati bɛɛ tɛ kelen ye ala fɛ												-6416047111	phrase
Fais le venir.	bk	Taa a la na.												26568426171	bouake phrase
Un long chemin	bk	Sira ka jan												-5841878338	phrase
Jour		Loon												-53873333109	calendrier
Demande lui	bk	A ɲini ka												-16979685475	phrase
L'homme lui-même	bk	Mɔgɔ yɛrɛ												1538655602	gens
Bras / Main	yq	Bolo												27946172139	corp
Cheval / maison	bk	Soo												-55856535108	animal
Compatir		Makari												7214395493	marked wt
Homme / male	bk	Cɛɛ												-55856535103	essentiel
Homme / Mâle / Mari	yq	Cɛɛ		Cɛman		Cɛman								27946171957	gens
Le mal guéri le mal	bk	Dimi lebɛ dimi sa												-6758788631	phrase
Salutation marché	bk	I ni lɔgɔ												9184759070	essentiel
C'est mardi aujourd'hui	bk	Bi ye tarata ye												-53806166054	calendrier phrase
Canari / Marmite	yq	Daga		Nɛgɛdaga										3846098296	
Oncle maternelle	yq	Belencɛ												27946171940	
La matinée est arrivée; il n'y a rien de mal	bk	Dugu gwɛ la; foyi tɛ												-7878496085	phrase
Affaire mauvais	bk	Kojugu												-26935497994	
Frère (même mère)	bk	Badencɛ												4947716332	gens
Faux / Mensonge	yq	Ngalon												1529143433513	
Votre mère est venue.	bk	Aw bamuso nan na.												4363400853	phrase
Ne me regarde pas	bk	Kana n filɛ												-54218752718	phrase
C'est mieux aujourd'hui	bk	Bi ka fisa												-7539514123	phrase
C'est mieux.	bk	A ka fisa.												3317696881	phrase
Centre / Milieu	yq	Camancɛ												27946171954	
Humilité / Modestie	yq	Majigilenya												27809169043	
Attends moi	bk	Lɔ ka n kɔnɔ												-8522151866	phrase
Je moi	bk	N	CIV	Ne		N	BFA	Ne		N	MLI	Ne		-47881986758	essentiel pp
C'est moi	bk	Ne lo												-5810084146	phrase
À mon avis	bk	Ne ya hakili la												-16607429763	phrase
Dépouilles, morts	bk	Suw												-55856535106	
Pousser  / motiver	bk	Lasun												-54727515367	leech verbe
Endurance		Muɲuli												3661703856	wt
Être naturel	yq	Ka kɛ i yɛrɛ ye												27946172038	
Il ne fait jamais quelque chose de bien.	bk	A tɛ koɲuman kɛ abada.												4363400858	phrase
Il ne faut pas que quelqu'un accuse son semblable.	bk	Jɔn kana baga. I jɔn ɲogɔn ma.												4363400878	marked phrase
Ils ne sont pas ici	bk	O tɛ a?												-8523273944	phrase
Musa n'est pas allé à korhogo	bk	Musa ma ta korhogo												-3849934239	phrase
Ce n'est pas ça / lui	bk	Ale tɛ												22161653911	phrase
Ce n'est pas pour moi	bk	N ta tɛ												26490383932	phrase
Ce n'est pas tout	dictionaire	O dɔrɔn tɛ												1528620781278	phrase
L'eau n'est pas très fraiche. Ça ne fait rien, donne m'en.	bk	Ji ma glasi kosobɛ. Baasi tɛ. Dɔ di n ma.												4363400875	phrase
L'homme n'est rien.	bk	Adamaden kɔni tɛ foyi ye.												4363400859	phrase
Je ne veux pas te fatiguer	bk	N tɛ fɛ k' i sɛgɛ												-8345687794	phrase
Je ne viendrai pas	bk	N tena na												-6714070575	phrase
Beaucoup / Nombreaux / Abondance	bk	Caaman		Caya										-52670046300	essentiel
Dans nos régions	yq	An ka mara la												27946171923	
C'est notre père.	bk	An facɛ lo.												4363400861	phrase
Elle nourrit dix personnes.	bk	A be mɔgɔ tan balo.												4363400888	phrase
Repas / Nourriture / Plat	yq	Domuni		Dumuni		Fana								-53958647741	essentiel
Ne nous frappe pas.	bk	Kana an bugɔ.												4363400862	phrase
Neuf / Nouveau	yq	Kura												-9126606725	phrase
Deuxième nouvelle (un peu en dessous)	bk	Dɔɔni be a kɔrɔ												-17509773102	phrase
Cheville						ntàma,ntàmàkuru	bm							1529657783606	corp
Intestin						nùgu	bm							1529657783614	corp
Bonne nuit	bk	Ala y'an bɔ su la												-27410066336	marked phrase
Narine						nuwo,nufile	bm							1529657783622	corp
Oeil		Ɲakili	CIV	Ɲakise	BFA	ɲɛ	bm	Ɲakile						27205737326	corp
Punir		Ɲangi												-4123020142	
Visage						ɲɛda,ɲɛna	bm							1529657783638	corp
Paupière						ɲɛfara,ɲɛwolo	bm							1529657783626	corp
Sourcil						ɲɛkonkonnasi	bm							1529657783633	corp
Cil						ɲɛsi,ɲɛwolosi	bm							1529657783607	corp
Ride						ɲùgu,ɲùguɲùgu	bm							1529657783631	corp
Ils ont le palu	bk	Sumaya be o la												-18162548526	phrase
Homme orgeuilleux		Kuncɛba												-3743945078	
Gros orteil	bk	Sen kumande ba												-7792030022	corp
Fourchette ou écumoire	bk	Kuru sɔgɔsɔgɔ												-7539952918	
En outre / Par ailleurs	yq	Ka fara o kan		Fan wɛrɛ fɛ		Fan wɛrɛ fɛ								27946172036	
Cahier / papier	bk	Sɛbɛ												-18767289424	essentiel
Les parents de fanta sont venus nombreux pour son mariage.	bk	Fanta balimaw nan na ka caya a furuko kosɔn.												4363400887	phrase
Langue (parlée)	yq	Kaan												1529143433497	
Parler / parole	bk	Kuma												-51741127489	verbe
En particulier / Quant à / En tout cas	yq	Kɔni												27946172060	
Aller / Partir	yq	Taa		Taga		Taga								27946172136	verbe
N'avoir pas mangé et n'avoir pas dormi ne sont pas bon.	bk	Domunikɛbaliya ni sunɔgɔbaliya, o man ɲi.												4363400883	phrase
Oncle paternel	bk	Benicɛ												-53805657835	gens
Corps / Peau	yq	Farikolo												27946171993	corp
Malheur / Peine / Souffrance	yq	Tɔɔrɔ												1529143433528	
Veuve (pendant veuvage)	yq	Firiyamuso												27946172001	gens
Imagine, Pensez-y	yq	I ka miiri ka filɛ												27946172020	
Endurer persévérer	bk	Sɔmina												-34269420531	leech verbe
Homme / personne	bk	Mɔgɔ												-55856535120	essentiel
Maman (personnelle)	yq	Bamuso												27946171932	gens
Prochain (personne)	yq	mɔgɔnyogon												27946172101	gens
Arrière petit fils	yq	Tulomasama												27946172153	gens
On peut vous satisfaire	bk	O ka nɔgɔ												-15267674977	phrase
Je peux...	bk	N be se ka...												-17509316697	phrase question
Grande pluie	bk	Sanjiba												-55856535114	essentiel
Est (point cardinal)	yq	Tilebɔ		Kɔrɔn		Kɔrɔn								27946172147	
Le poison tue l'homme.	bk	Baga be adamaden faga.												4363400879	phrase
Laquelle préfères-tu?	bk	I be juman lo fɛ?												-54218555366	leech phrase
S'apprêter / préparer	bk	Labɛn												-12126191650	verbe
Jusqu'à présent	yq	Halibi		Hali bele		Hali bele								26984085147	
Demander / prier	bk	Daari												-19139843034	verbe
Le prix est cher	bk	A sɔngɔ ka ca												-19338985231	phrase
Le prix n'est pas cher	bk	A sɔngɔ ma ca												-15267346936	phrase
Étudier profondément	bk	Kalen kɔ sɛgɛsɛgɛ												-16392853323	marked verbe
Se promener	bk	Yala												-53277754058	verbe
Garder (promesse)	bk	Dafa												-201499735	marked verbe
Hygiène / Propreté	yq	Saniya												27946172116	santé
Chef, propriétaire	yq	Kuntigi		Tigi		Tigi								27946172078	gens
Pouls						pu	bm							1529657783628	corp
Alors puis maintenant donc	bk	Ayiwa												-40318372109	connecteur essentiel
Force / Puissance	bk	Fanga												-7662480041	
Fort, Puissant (adj)	yq	Fangaman	adj											1529143433484	
Chef (puissant) / Dignitaire / Dirigeant	yq	Faama												27946171980	gens
Depuis que	bk	Kabini												24580719515	connecteur
Est-ce que...	bk	...wa												-25715223912	essentiel question
Qu'est que c'est?	bk	Nin ye mun lo ye?												-54218752721	leech phrase question
Est-ce que c'est intéressant?	bk	O ka di wa?												-6414475196	phrase question
C'est quelle chose?	bk	Fɛɛn juman lo?												-54218752719	leech phrase question
Afin que / pour que	yq	Walasa		Janko		Walisa ka …								-48185883132	connecteur
Est-ce que ton travail te satisfait?	bk	I ta baara ka ɲi i ma wa?												4363400869	phrase
Qu'est-ce que tu as dit?	bk	I ka mu fɔ?												-17509603056	phrase question
Parce que	yq	Sabu		K'amasɔrɔ		Bari		Katuguni		Sabu				-54727546144	connecteur
Avant que	yq	Sani		Yanni ka sɔrɔ ka ...										22159483862	marked connecteur
C'est qui	bk	Jɔn lo												-52670184464	question
L'homme qui fait l'homme	bk	Mɔgɔ be yen mɔgɔ kɛ mɔgɔ ye												22488632402	phrase
Qu'est-ce qui t'a empêché de venir ?	bk	Mun k'i bali ka na?												4363400882	phrase
N'importe quoi	bk	Fɛɛn bɛɛ												-16300620645	essentiel
C'est quoi ?	bk	Mun lo?												-54218752722	question
Délivrer / Racheter	yq	Kunmabɔ		Kisi		Kisi		Hɔɔɔrɔnya		Labɔ				27946172077	verbe
Bien rasé	yq	Bonbosi li koɲuman												27946171949	santé
Ramasser / Rassembler	yq	Cɛ		Lajɛn		Lajɛn								27946171955	verbe
Imiter / Refléter		Ladegi		Ladege		Ladege								3755525512	
Ville / région	bk	Dugu												-17134557414	
Raconter / Relater	yq	Lakali												27946172082	verbe
Pause / Repos / Sièste	yq	Lafiyɛn												1529143433503	marked
Naître / Reproduire (enfants)	yq	Bange		Wolo		Wolo		Wolo						27946171935	santé
Honneur / Respect	yq	Bonya (n.)												27946171952	
Respirer / Respiration / Respiratoire	yq	Nɛnɛkiri		Nɛnɛkili										1529143433511	santé
Trouble respiratoire	yq	Nɛnɛkiri bana												1529143433512	santé
Homme riche	bk	Nafolotigi / wari tigi												-17233337994	gens
Bonne route (arriver)	bk	Ala y'a ɲuma se												-27001359839	marked phrase
Bonne route (arrivé / retour)	bk	Ala y'a ɲuma nan												-27001294005	phrase
Pour sa part / quant à	bk	Kɔni												26986729853	connecteur
S'assécher / Sécher	yq	Ja (v.)												27946172021	verbe
La semaine passée	bk	Lɔgokun tɛmɛni												-1159348157	calendrier
Jambe						sen	bm							1529657783615	corp
Orteil						sènnkɔni	bm							1529657783624	corp
Effort sérieux	yq	Jijali sobɛ												27946172029	
Il s'est exclamé que	yq	A kabara k'a fɔ ko												28382876284	
Il s'est exclamé:	yq	A kabara ko:												28382876285	
Un / Seul	bk	Kelen												28382876292	
Déshabiller (se)	yq	I ka faniw bɔ												27946172019	
Rappeler (se)	yq	Ka hakili jigi												27946172037	verbe
Rebeller (se)	yq	Muruti mɔgɔ ma												27946172103	verbe
Plaindre (se)	yq	Ŋuna		Ŋunuŋunu		Ŋunuŋunu		Dajukɔrɔ kuma fɔ						27946172111	verbe
Explication		Sɛgɛsɛgɛli												2477221638	
Et / si	bk	...ni...		...ani...										-7455322472	essentiel
Sein						sin	bm							1529657783632	corp
Petite soeur	bk	Dɔgɔmuso												-3849952656	essentiel gens
Grande soeur	yq	Kɔrɔ muso												-3849997403	gens
Meilleurs soins	yq	Furakɛcogo fisamanw												27946172006	santé
Bonne soirée	bk	Ala ye wula nɔgɔya												-19754582047	phrase
Jour / Soleil	yq	Tere	CIV	Tere	BFA	Tile	MLI	Lon						27946172145	essentiel
Dûr / Solide	yq	Gwɛlɛ												27946172014	essentiel
Nous sommes dans la main de Dieu.	alasane	An be Ala bla la.												28364392934	
Nous sommes parents.	bk	Anw be balimaw ye.												4363400886	phrase
Ce sont ses parents qui ont arrangé le mariage.	bk	A balimaw lo ka furu siri.												4363400885	phrase
Préocupation / soucis	bk	Haminako												-16607389665	
Accueillir / Souhaiter la bienvenue	yq	Bisimila												27946171943	verbe
Veine	source	Fasa juru				jòlìfìnsira,jòlìsira	bm							28367971257	corp
#French	Source	Jula1	Note1	Jula2	Note2	Jula3	Note3	Jula4	Note4	Jula5	Note5	Jula6	Note6	Note ID	tags
Français	Source	Jula1	Note1	Jula2	Note2	Jula3	Note3	Jula4	Note4	Jula5	note5	Jula6	Note6	Note ID	Tags
Dessous / Sous	yq	Jukɔrɔ												27946172033	
Se souvenir / esprit penser	bk	Hakili												-55856535149	verbe
Tousser		Sɔgɔsɔgɔ												1529496492240	
Athlète / Sportif	yq	Farikoloɲanagɛla		Farijola		Farijola		Farikoloɲanagwɛla						27946171994	gens
Je suis en train de faire quelque chose	bk	N'be fɛɛn dɔ kɛ la												-54218752717	phrase
Je suis entré dans la maison	bk	N dola bon na.												-5926327875	phrase
Je suis venu en voiture.	bk	N nan na mobili kɔnɔ.												-7878259120	phrase
Je suis venu sur moto.	bk	N nan na moto kan.												-7878131213	phrase
Travail / Tâche	yq	Baara												27946171928	
Je t'ai entendu.	bk	N k'i lamɛn.												-8361038700	phrase
De temps en temps	bk	Tuma dɔw / tuma dama dama												-3222246334	marked
Front						ten,fɔn	bm							1529657783612	corp
Achever / Terminer / Finir (un travail)	yq	Tila												27946172144	verbe
Monde / terre	bk	Duniɲa												-52670184468	wt
Main						tɛgɛ	bm							1529657783619	corp
Tu / Toi	bk	I	CIV	Ile		I	BFA	Ile		I	MLI	E		-47881877351	essentiel pp
Talon						tontòli	bm							1529657783636	corp
En tout cas!	bk	Akɔnii!												-17508334753	phrase
Maintenant / Tout de suite	yq	Sisan												27946172127	
Hanche						tɔgɔ	bm							1529657783613	corp
Bon travail!	bk	I ni baara!												4363400872	phrase
Il travaille.	bk	A be baara kɛ.												4363400870	phrase
Il travaille le fer.	bk	A be nɛgɛ baara.												4363400873	phrase
Servir / travailler		Baara												-55856535177	verbe
Au travail	yq	Baarakɛyɔrɔ la												1528479911911	
Couper / Traverser	yq	Tigɛ												27946172141	verbe
C'est trop  cher	bk	A sɔngɔ ka gwɛlɛ												-53016196473	phrase
Obtenir / trouver / Gagner	bk	Sɔrɔ												-48185883140	verbe
Coude						tùgùkun,nɔnkɔn	bm							1529657783610	corp
Jai un bic.	bk	Biki be ne fɛ.												-6966007741	phrase
J'ai une chemise	bk	Dereke be ne fɛ												-6758381958	phrase
J'ai une montre	bk	Montɔrɔ be ne fɛ												-7056601206	
Histoire (une)	yq	Tariki		Maana										1529143433525	marked
J'ai un rhume.	bk	Mura be n na.												-5926384811	phrase
Comment va l'enfant	bk	Den fari be di?												-7539576588	phrase
Gros / Vaste	yq	Bon (adj.)												1529143433476	essentiel
Continue / vas-y	bk	A kɛ dɔrɔn		Taga a fɛ		Taga a man								-4003352986	bouake
Je vends de la nourriture.	bk	N be balo feere.												4363400889	phrase
À venir / Prochain	yq	Nata												-18512251732	
Colonne vertébrale						kɔkolo,jɔkolo	bm							1529657783608	corp
Je veut te montrer quelque chose	bk	N' be fɛ  ka fɛn dɔ yira i la												-27012867677	phrase
Longue vie et santé	bk	Si niin kɛnɛya												-17234126057	phrase
Ville voisine	yq	Gɛrɛfɛ dugu												27946172010	
Ta voiture, je ne l'ai pas encore vue.	bk	I ta mobili, n m'a ye fɔlɔ.												4363400857	marked phrase
Je voulais dire que...	bk	Ne be fɛ ka fɔ ko...												-6713724513	phrase
Je vous ai vus.	bk	N k'aw ye.												4363400854	phrase
Le week-end	yq	Lɔgɔkun laban na												1529143433507	marked
Sueur						wɔsiji	bm							1529657783635	corp
Désert	wt	Kongokolon												1529191015378	
Concombre	wt	kɔkɔnburu												1529227811242	nourriture
Ail	wt	layi												1529227963980	nourriture
Pensez-y	wt	Miiri k’a filɛ												1529191270204	
Il y a deux sortes de joueurs de balafon.   Celui qu joue le grand balafon, et celui qui joue le plus petit.	bk	Balafɔla ye sugu fla ye. Balabafɔla ani baladeninfɔla.												4363400881	phrase
Jamais	yq	Abada		Fewu		Ka ye								-55856535184	essentiel
Jeudi	yq	Alamisalɔn / Alamisa	CIV	Lamisalon	BFA	Alamisadɔn / Alamisa	MLI							-55000189431	calendrier
Pénis	yq alasane	Fɔrɔ		Sogoni										27809169050	corp
Ampoule	yq	Anpuli												27946171925	santé
Enveloppe	yq	Anwolopu												27946171926	
Indifférent	yq	A tɛ  mako don												27946171921	
Avion	yq	Aviyɔn												27946171927	
Avril	yq	Awirilikalo		Awrili										-54126222165	calendrier
Chèvre	yq	Baa												-55856535176	animal
Travailler	yq	Baara kɛ												1527946171929	vi
Travailleur	yq	Baarakɛla												4363400874	
Papa	yq	Baba												27946171982	gens
Bouillie	yq	Baga												28382876276	nourriture
Poison	yq	baga		Pɔsɔni										1529143433515	marked
Adulte	yq	Baliku												27946171930	gens
Maladie	yq	Bana		Banan										-17509100479	santé
Microbe	yq	Banakisɛ												27946171933	santé
Parent	yq	Bangebaga												27946171936	gens
Stérilité	yq	Bangekɛbaliya												27946171937	santé
Fécondité	yq	Bangeli												27946171938	santé
Banane	yq	Baranda												28382876274	nourriture
Bavarder	yq	Baro kɛ												1529143433471	vi
Couscous	yq	Basi												28382876280	nourriture
Adorer	yq	Bato												-55856535175	verbe
Toujours	yq	Bele												-27502669907	
Cousin	yq	Belenden												27946171941	
Neveu	yq	Belen		Dɔgɔnin dencɛ		Dɔgɔnin dencɛ								27946171939	
Bénin	yq	Benɛn												27783419432	
Tous	yq	Bɛɛ												-55856535174	essentiel
Ancêtre	yq	Bɛmacɛ												-4633547634	bambara verbe
Tomber	yq	Bɛn												-55856535125	vi
Aujourd'hui	yq	Bi												-40927312869	calendrier
Abandonner	yq	Bila												27946171942	verbe
Sorgho	yq	Binbiri												28382876293	nourriture
Foie	yq	Biɲɛ				biyɛn	bm							28382876281	corp
Herbe	yq	Biŋ		Bin										-16300696439	
Vert	yq	Biŋkɛnɛ		Binkɛne(man)										-7840060490	couleur
Accompagner	yq	Blasira		Bilasira…la										-18162364837	verbe
Bobo-Dioulasso	yq	Bobo-Julaso												1529143433474	lieux
Vaccination	yq	Boloci												27946171947	santé
Doigt	yq	Bolokumande		Bolokanden		bolokɔni,bolonkɔni	bm							-7792110343	corp
Poing	yq	Bolokuru				bolokurun	bm							27809169044	corp
Artisant	yq	Bololabaara												1529143433475	gens
Barbe	yq	Bonbonsi				bòonsi	bm							27809169045	corp
Plaie	yq	Bonɛ												27946171950	santé
Constructeur	yq	Boon lɔbaga												1529143433477	gens
Argile	yq	Bɔgɔn												1528479911910	
Cendre	yq	Buguri		Buguri(gwɛ)										-40927183476	
Bleu	yq	Bula		Bula (man)										-7839977565	couleur
Pain	yq	Buru												28382876289	nourriture
Panetier	yq	Buru dilanbaga												1529143433479	gens
Nombreux	yq	Cayala		Ca (ka)										-17508277250	
Joli	yq	Cɛ ka ɲi		Cɛɲi										-55856535179	essentiel phrase
Vieillard	yq	Cɛkɔrɔnin												27946171959	gens
Manière	yq	Cogoya												1527665647867	
Porte	yq	Daa		Koon		Koon								27946171960	
Limiter	yq	Daan bɔ												27946171962	verbe
Commencer	yq	Dabɔ		Daminɛ (v.)		Damina								403627311	verbe vi
Sevrage	yq	Dabɔli												27946171964	corp
Parfait	yq	Dafalen												-55856535167	
Voyelle	yq	Dafanin												27946171966	
Consonne	yq	Dafata												27946171967	
Salive	yq	Daji				daji	bm							27809169046	corp
Museau	yq	Dakala												1529143433480	corp
Haleine	yq	Dakasa												27809169047	corp
Paragraphe	yq	Dakun												-54218752728	
Prier	yq	Deli		Dari		Dari		Seli						25096152763	verbe
Famille	yq	Denbaya												-49188696477	gens
Fils	yq	Dencɛ												1529143433481	gens
Enfant	yq	Den		Denmisɛn		Denmisɛn								-25714836626	essentiel
Utérus	yq	Denso												27809169048	corp
Décembre	yq	Desanburukalo		Desanburu										-54292927907	calendrier
Berger	yq	Dɛndɛbaga		Misigɛna		Misigɛna		Sagadɛndɛna						27946171972	gens
Dimanche	yq	Dimansilɔn / hatilɔn	CIV	Dimansi	BFA	karidɔn / kari	MLI							-55000189432	calendrier
Mal	yq	Dimi		Basi										-10943763535	
Thorax	yq	Disikolo												27809169049	corp
Plaire	yq	Diya mɔgɔ ye												27946171973	verbe
Manger	yq	Domuni kɛ		Dumuni kɛ										-53257466897	verbe
Guêpe	yq	Dondoli												27768736655	animal
Chasseur	yq	Doso		Donso										27946171974	gens
Docteur	yq	Dɔkɔtɔrɔcɛ		Dɔgɔtɔrɔ										-55362297428	gens
Coq	yq	Dɔndɔn												-19139873076	animal
Danser	yq	Dɔn		Dɔɔn kɛ										-53545395743	verbe
Musicien	yq	Dɔnkilidala												27946171975	gens
Seulement	yq	Dɔrɔn		Dama		Dama								27946171976	
Terre	yq	Dugukolo		Bɔgɔ										-55856535156	essentiel
Villageois	yq	Dugumɔgɔ												27946171977	gens
Voyageur	yq	Dugutagala												27946171978	gens
Douanier	yq	Duwaɲɛcɛ												27946171979	gens
Comprendre	yq	Faamu												1445272529459	vt
Compréhension	yq	Faamuli		Faamuyali		Famuli								-54727441325	
Pauvres	yq	Faantanw												27946171981	gens
Père	yq	Facɛ		Faa		Faa								-55362297438	gens
Tueur	yq	Fagalikɛla												27946171985	gens
Diphtérie	yq	Falakabana												1529143433482	santé
Orphelin	yq	Falatɔ												27946171986	gens
Âne	yq	Fali	BFA	Sofali		Sofali								-55856535154	animal
Oeuf	yq	Fan												-55856535153	essentiel
Aussi	yq	Fana		Nunu		Nunu								-55856535152	
Vers	yq	Fan fɛ		Tumuw		Tumuw								27946171987	
Fort	yq	Fangaba	n.											1529143433483	
Pauvre	yq	Fangan tan		Faniɲa, Fantan		Fangan ta la								-17233297689	gens marked
Tailleur	yq	Fanikalanla												27946171989	gens
Pagne	yq	Fani		Taafe		fani								-52670184466	
Pauvreté	yq	Fantanya												6102892193	
Ajouter	yq	Fara												27946171990	verbe
Pharmacien	yq	Faramasiɲɛ												27946171991	gens
France	yq	Faransi jamana												1529143433486	lieux
Français	yq	Faransika		Faransikan										-53805499233	
Peau	yq	Fara				wòlo	bm							1529143433485	corp
Découragement	yq	Fari faga		Dusu tiɲɛ		Dusu tiɲɛ		Jigitigɛ						-16729615293	
Corps	yq	Fari				fàri,fàrikolo	bm							27946171992	corp
Fièvre	yq	Farigwan		Farigan										-18434267659	santé
Athlétisme	yq	Farijo												1529143433487	
Perfusion	yq	Farilajidon												27946171995	santé
Nu	yq	Farilakolon												1529143433488	corp
Citoyen	yq	Fasoden												27946171996	gens
Fou	yq	Fatɔ												27946171997	gens
Folie	yq	Fatɔya		Hakilitanya		Hakilitanya		Faa						1529143433489	
Février	yq	Feburukalo												-54126282469	calendrier
Vendre	yq	Feere												-53257444419	verbe vt
Vendeur	yq	Feerelikɛla												27946171998	gens
Médicament	yq	Fila		Fura										27946172004	santé
Regarder	yq	Filɛ	CIV	Filɛli kɛ	BFA									-5843352880	marked
Trébucher	yq	Fili												27946171999	verbe
Noir	yq	finman												-8088212970	
Peste	yq	Finyɛbana		Bana yɛlɛmata		Bana yɛlɛmata								27946172000	santé
Jeter	yq	Firi		Fili		Firi								-52135832225	verbe vt
Aveugle	yq	Fiyɛntɔ												27946172002	gens
Saluer	yq	Fo												-52139354827	verbe vt
Dire	yq	Fɔ												-52136464178	verbe vt
Manquer	yq	Fɔn												27946172003	verbe
Jusqu'à	yq	Fɔɔ		Kabini										-6714023040	essentiel phrase
Vomir	yq	Fɔɔnɔ												-53545395744	santé
Jeunes	yq	Funankew												28382876288	
Soigner	yq	Fura	verbe											27946172005	santé
Epoux	yq	Furucɛ												27946172007	gens
Conjoint	yq	Furuɲɔgɔnma												27946172008	gens
Mariés	yq	Furuɲɔgɔnman												27946172009	gens
Livre	yq	Gafe												27946172051	verbe
Aile	yq	Gama fura												1529143433490	corp
Épaule	yq	Gama				kàma	bm							27809169051	corp
Blanc	yq	Gɛ		gwɛ (man)		gwɛ (man)		Jɛ						-15267243828	
Secret	yq	Gundo												27946172011	
Cuisine	yq	Gwabugu	Gwa	Gwa		Gwa								-53241205095	
Chauffer	yq	Gwan												27946172012	
Gratuit	yq	Gwansan												27946172013	
Lourd	yq	Gwili		Guli										17834855115	marked
Esprit	yq	Hakili												27946172015	
Détruire	yq	Halaki												-55856535148	
Paix	yq	Hɛɛrɛ												27946172016	
Heureux	yq	Hɛrɛ (adj)		Dagamunin										-55856535147	essentiel
Tiens !	yq	Hɔn												27946172017	
Honnêteté	yq	Hɔɔronya												27946172018	
Voir	yq		I ka mobili ye	Ye										27249273076	vt
Répondre	yq	Jaabi		Jaabili kɛ		Jaabili kɛ								-52656018474	verbe
Oignon	yq	Jaba												-51724231588	nourriture
Commerce	yq	Jago		Jagokɛyɔrɔ		Jagokɛyɔrɔ								27946172022	
Courage	yq	Jagwɛlɛya		Jagɛlɛya		Lasun								-5644181930	
Chat	yq	Jakuma												-55856535159	essentiel
Condamnation	yq	Jalakili												1529143433492	
Pays	yq	Jamana												-53807248070	
Trahir	yq	Janfa												1529143433493	
Traitre	yq	Janfanci		Janfaci		Janfaci								1529143433494	
Longueur	yq	Janya												27946172026	
Lionceau	yq	Jaraden												27768736661	animal
Poisson	yq	Jɛgɛ	CIV	Jigɛ	BFA									-52136836214	animal nourriture
Descendre	yq	Jigi												27946172027	verbe
Espérer	yq	Jigi	N jigi b'a la.											3832771434	
Espérance	yq	Jigiya												4639316715	
Eau	yq	Jii												3827696317	essentiel
Encouragement	yq	Jijali												27946172028	
Jeans	yq	Jini												27946172030	
Blessure	yq	Joginda		Madimida		Madimida								27946172031	santé unbouake
Combien	yq	Joli												1451813917579	question
Fourmi	yq	Jugumɛni		Dugumɛnɛ	BFA	Mɛnɛmɛnɛ								10327043748	animal
Vendredi	yq	Jumalɔn / Juma	CIV	Juman	BFA	Jumandɔn / Juman	MLI							-55000189427	calendrier
Gorge	yq	kaan		Gɔɔnɔ		ngɔɔnɔ	bm							1529143433491	corp
Corbeau	yq	Kaankaan												27768736662	animal
Nuque	yq	Kaankala				tɔn	bm							27809169053	corp
Cou	yq	Kaan				kan,kankala	bm							27809169052	corp
Maïs	yq	Kaba												-52139281000	nourriture
Discuter	yq	Ka baro kɛ												27946172034	verbe
Vacciner	yq	Ka boloci												27946172035	santé
Café	yq	Kafe												28382876278	nourriture
Mois	yq	Kalo												-53873557747	calendrier
Découvrir	yq	Ka lon												1529143433495	?
Voix	yq	Kan												27946172043	
Sur	yq	Kan												-31737613286	
Interdit	yq	Kana		Dagalen tɛ										-55856535139	essentiel
Méningite	yq	Kanjabana												27946172044	santé
Obéir	yq	Kanminɛ		Kaan minɛni kɛ		Kolo		Kanminɛ						-55856535122	marked verbe
Aimer	yq	Kanu												-55856535138	verbe
Amour	yq	Kanuya												-15176919454	essentiel
Enseignant	yq	Karamɔgɔ												27946172045	gens
Coudre	yq	Karan		Kala										-52656018473	verbe vt
Carte	yq	Karti												27946172046	
Sentir	yq	Kasabɔ												27946172047	verbe
Accident	yq	Kasara												27946172048	
Analyser	yq	Ka sɛgɛsɛgɛ (ka filɛ)												27946172039	verbe
Pleurer	yq	Kasi												27946172049	verbe
Accepter	yq	Ka son												-48185883133	verbe
Ralentir	yq	Ka sumaya												27946172040	verbe
Cuisiner	yq	Ka tobili kɛ												27946172042	verbe
Résister	yq	Ka to kelen kan		Lafasa		Lafasa								27946172041	verbe
Faire	yq	Kɛ												-55856535168	verbe
Exciser	yq	Kɛnɛ-kɛnɛ		Kɔrɔ		Kɔrɔ		Siginɛgɛ						27946172052	santé
Devenir	yq	Kɛ ... yɛ												27946172050	verbe
Short	yq	Kilɔti												1529143433498	
Sauver	yq	Kisi fɛn ma (mɔgɔ...)												-55856535134	verbe
Juge	yq	Kititigɛla		Kitibaga		Kitibaga								27946172054	gens
Laver	yq	Ko												-52656018471	verbe
Annoncer	yq	Ko fɔ												27946172055	verbe
Rhumatisme	yq	Koloci												1529143433499	santé
Loup	yq	Kongo wulu				lu	MLI							27768736663	animal
Sel	yq	Kɔgɔ												28382876291	nourriture
Nord	yq	Kɔgɔdugu yan fan fɛ												27946172056	
Rivière	yq	Kɔji												27946172057	
Puit	yq	Kɔlɔn												27946172058	
Diarrhée	yq	Kɔnɔboli												27946172061	santé
Avortement	yq	Kɔnɔcɛn												27946172062	santé
Attendre	yq	Kɔnɔ		Kɔnɔ (v.)		Kɔnɔni kɛ		Makɔnɔ						3845946176	verbe
Enceinte	yq	kɔnɔman		A kɔnɔman lo										27946171920	santé
Oiseau	yq	Kɔnɔn												-16300439867	animal
Dans	yq	Kɔnɔ (post)		Kɔnɔ (prép.)										-52670184467	essentiel
Couple	yq	Kɔɲɔcɛ ni kɔɲɔmuso												27946172063	gens
Mariée	yq	Kɔɲɔmuso												27946172064	gens
Remarquer	yq	Kɔrɔsi												27946172066	verbe
Maîtriser	yq	Kɔrɔsi (ex: ka dusubɔ kɔrɔsi)												27946172067	verbe
Vieillesse	yq	Kɔrɔya												27946172068	santé
Pour	yq	Kɔsɔn												1529143433502	?
Igname	yq	Ku												-53277835100	nourriture
Queue	yq	Kukala		Ku		Kokala								-53958647736	corp
Cri	yq	Kulekan												27946172070	
Parole	yq	Kuma												27946172071	
Mot	yq	Kumaden		Daɲɛw		Daɲɛw								27946172072	
Phrase	yq	Kumasen												27946172073	
Lèpre	yq	kunatɔ		Kuna		Kunatɔbana								27946172074	santé
Genou	yq	Kunbiri kun		Kunbiri		kunbere	bm							27809169054	corp
Orgueilleux	yq	Kuncɛba												27946172075	gens
Orgeuil	yq	Kuncɛbaya												-1171839580	
Hauteur	yq	Kundama		Tintin		Tintin								27946172076	
Tête	yq	Kun		Kunkolo		kùnkolo	bm							-53277784628	corp
Cheveux	yq	Kunsigi												-53958647742	corp
Hier	yq	Kunu												-53873571460	
Ranger	yq	Laben												27946172079	verbe
Conseiller	yq	Ladi												27946172080	
Guinée-Bissao	yq	Laginɛ Biso												1529143433504	lieux
Étudiant	yq	Lakoliden		Kalanden										-18512314835	gens
École	yq	Lakɔli												-53958647739	
Élève	yq	Lakɔliden												-53806211031	gens
Réparer	yq	Lalaga		Ladinɛ		Ladinɛ		Lalaga						-52136790920	
Écouter	yq	Lamɛni kɛ												-54218752724	verbe
Foi	yq	Lanaya	CIV	Lanaya	BFA									27206395649	
Annuler	yq	Lasa		Dabila		Dabila								27946172086	verbe
Avertir	yq	Lasɔmi												27946172087	verbe
Décider	yq	Latigɛ												-55856535124	marked verbe
Promesse	yq	Layiri		Layidu		dajuru								-3582266273	leech marked
Heure	yq	Lɛri		Nɛgɛ ɲɛɛ ... ex: tan		Nɛgɛ ɲɛɛ ... ex: tan								28366622927	calendrier
Miel	yq	Li												-7651829509	nourriture
Abeille	yq	Liden												-48185883134	animal
Mouche	yq	Limɔgɔ												27768736666	animal
Hebdomadaire	yq	Logokun o logokun												1529143433506	calendrier
Étoile	yq	Lolo												-53545395750	essentiel
Semaine	yq	Lɔgɔkun	CIV			Dɔgɔkun	MLI							-53873303585	calendrier
Marché	yq	Lɔgɔ		Lɔgɔfiyɛ		Sugu								-53873715604	essentiel
Construction	yq	Lɔli		Dilanni										-17944849393	verbe
Connaissance	yq	Lɔniya												-7540204535	verbe
Apaiser	yq	Mada		Dusu Mala		Dusu Mala								27946172090	verbe
Rabaisser	yq	Mafiɲɛya												27946172091	verbe
Humble	yq	Majiginin		Majigilen										-4123054025	marked
Compatissant	yq	Makaritigi												1529143433508	?
Besoin	yq	Makoya		Mako		Mako								1529143433509	
Riz	yq	Malo		Kini		Kini								-53545395749	essentiel
Maman	yq	Mama												27946172092	gens
Petit-fils	yq	Mamaden												27946172093	gens
Grand-mère	yq	Mamamuso												27946172094	gens
Fiancer	yq	Maminɛ												27946172095	gens
Si	yq	Mana		Ni										24580780075	bambara connecteur unbouake
Mars	yq	Marisikalo												-54126250680	calendrier
Mai	yq	Mɛkalo												-54126187129	calendrier
Ange	yq	Mɛlɛkɛ												-55856535123	
Entendre	yq	Mɛn		Mɛnni kɛ		Mɛn								4696245302	essentiel verbe
Penser	yq	Miiri		Mirili		Miiri		Bisigi						-53545395751	
Million	yq	Miliyɔn												27946172096	chiffre
Boire	yq	Mini kɛ		Min		Min								-53257498070	verbe
Soif	yq	Minɔgɔ												27946172098	
Veau	yq	Misiden												27768736668	animal
Vache	yq	Misi muso												27809169056	animal
Egypte	yq	Misira												1529143433510	lieux
Boeuf	yq	Misi tora		Misi										-53545395752	animal
Voiture	yq	Mobili												-53958647746	essentiel
Véhicule	yq	Mobili		Bolifɛn		Bolifɛn								27946171946	
Automobiliste	yq	Mobilitigi												27946172099	gens
Meurtrier	yq	Mɔgɔ fagala												27946172100	gens
Endurer	yq	Muɲu		Kɛlɛ		Kɛlɛ								27946172102	verbe
Rhume	yq	Mura												-5926408929	santé
Couteau	yq	Muru												-25714986524	
Veuve	yq	Muso cɛ salen												27946172104	gens
Venir	yq	Na												4696293185	verbe
Affaiblir	yq	Nagasi												27946172107	verbe
Sauce	yq	Nan												28382876290	nourriture
Condiments	yq	Nanfɛnw												28382876279	nourriture
Richesse	yq	Nanfolo		Nafolo										-17234242456	
Bouillon	yq	Nanji												28382876277	nourriture
Peut-être	yq	N'a sɔrɔ		I be taa a sɔrɔ		I be taa a sɔrɔ								-4633571900	connecteur essentiel
Prochain	yq	Nata												-17151226742	calendrier essentiel
Jaune	yq	Nere		Nɛrɛnu(man)										-7840058159	couleur
Fer	yq	Nɛgɛ												-19139632939	
Tromper	yq	Nɛgɛ		Lafili		Lafili								-55856535127	verbe
Vélo	yq	Nɛgɛso												-19139544883	
Menteur	yq	Ngalɔntigɛla												27946172108	gens
Vie	yq	Niin		Ɲɛnamaya		Ɲɛnamaya								-52670184465	
Cadeau	yq	Nilifɛn		Kado		Kado								1529143433514	
Joie	yq	Ninsɔndiya		Nyagali										-7051617887	verbe
Sinon	yq	N'o tɛ		Ni o tɛ										22159392751	connecteur
Novembre	yq	Novanburukalo		Novanburu										-54293052445	calendrier
Lait	yq	Nɔnɔ												-53545395748	nourriture
Nez	yq	Nu				nu	bm							-7791876226	corp
Yeux	yq	Ɲadenw		Ɲɛ		Ɲɛdenw								27809169057	corp
Larme	yq	Ɲaji		Ɲɛji		ɲɛji	bm							27946172109	corp
Devant	yq	Ɲɛ fɛ		Ɲɛ										-8099771854	
Uriner	yq	Ɲɛgɛnɛ												27809169058	corp
Exemple	yq	Ɲɛyirali		Nyɛyirali		Misali								-5643947273	
Dent	yq	Ɲiin				ɲi	bm							27809169059	corp
Demander	yq	Ɲiniga		Deli		Mɔgɔ ɲinigan fɛn na		Fɛn ɲini mɔgɔ fɛ						-44647367870	verbe
Question	yq	Ɲiningali												-54217186342	essentiel question
Questionner	yq	Ɲiningan												27946172110	verbe
Chameau	yq	Ɲɔgɔmɛ												3755562597	animal marked
Ensemble	yq	Ɲɔngɔn fɛ		Ɲɔgɔn fɛ										-18512229590	essentiel
Mil	yq	Ɲɔ		Ɲɔɔ										-53545395747	nourriture
Bon	yq	Ɲuman		Ɲɛɛ (v. Intrans.)										-55856535118	essentiel
Bonté	yq	Ɲumanya		Ɲumaya										-5642987963	
Galette	yq	ɳɔmi												28382876282	nourriture
Chercher	yq	Ŋini		Ɲini										-18766798266	verbe
Octobre	yq	Ɔkutɔburukalo												-54293290889	calendrier
Oui	yq	Ɔnhɔn												-25715138543	essentiel question
Sauter	yq	Panpan		Ka pan		Ka pan								-53545395742	verbe
Patron	yq	Patɔrɔn												27946172112	gens
Acheter	yq	Saan												27946172114	verbe
Pardon	yq	Sabari		Yafa		Yafa		Hake to						-53182470323	
Agneau	yq	Sagaden												27768736670	animal
Sac	yq	saki		Bɔrɔ		Sakɔsi		saki						1529143433478	
Éléphant	yq	Sama												27768736671	animal
Tirer	yq	Saman		Ci										-52139218999	verbe vt
Chaussure	yq	Samara		Sanbara		Sanbara								-54031938759	essentiel
Samedi	yq	Samedilɔn / Sibirilɔn	CIV	Samedi	BFA	Sibiridɔn / Sibiri	MLI							-55000189426	calendrier
Sain	yq	Saniman												27946172115	santé
Siècle	yq	Sankɛmɛkuluw												27946172117	
Ciel	yq	Sankolo												27946172118	
Tonnerre	yq	Sanpɛrɛ												27946172120	
Centrafrique	yq	Santarafiriki												1529143433516	lieux
Or	yq	Sanu												1529143433517	
Payer	yq	Sara (v.)												27946172121	verbe
Loi	yq	Sariya												1529143433518	
Principe	yq	Sariyakolo												1529143433519	marked
Répéter	yq	Segi a kan		Fɔ tugu		Fɔ tugu								27946172123	
Revenir	yq	Sekɔ		Ka kɔsegin ka na										-9558056281	calendrier verbe vi
Pied	yq	Sen		Seen		sen	bm							27871587030	corp
Écrire	yq	Sɛbɛli kɛ		Sɛbɛ										25097016718	verbe
Page	yq	Sɛbɛ ɲɛɛ		Ɲɛɛ										-17945360773	
Septembre	yq	Sɛtanburukalo		Sɛtanburu										-54126056361	calendrier
Sorte	yq	Sifa												-16527240875	
Douter	yq	Siga												26641994456	verbe
Voisin	yq	Sigiɲogon												27946172124	gens
Cohabitant	yq	Sigiɲɔgɔw												27946172125	gens
Poil	yq	Sii												27809169060	corp
Demain	yq	Sini												-53873102985	calendrier
Dormir	yq	Sinɔgɔ		Sunɔgɔ										-54218752725	verbe
Peur	yq	Siran		Jatigɛ		Jatigɛ								3747847407	
Effroi	yq	Siranya												27946172126	
Poulet	yq	Sisɛ	BFA	Sɛsɛ		Sɛsɛ								27768736672	animal
Viande	yq	Sogo												28382876295	nourriture
Partager	yq	Son		Tilan		Tilan								27946172128	verbe
Voler	yq	Soɲali kɛ		Soɲɛ		Soɲɛ		Sɔɲa						-55856535107	verbe
Moustique	yq	Soso												27768736675	animal
Tuberculose	yq	Sɔgɔsɔgɔgwɛ												27946172129	santé
Prix	yq	Sɔngɔ		Sara (n.)		Sɔngɔn								-48185883128	essentiel
Soldats	yq	Sɔrɔdasiw												27946172131	gens
Haricot	yq	Sɔsɔ												-18161892064	nourriture
Sucre	yq	Sukaro												1529143433521	nourriture
Diabète	yq	Sukarobana												1529143433522	santé
Singe	yq	Sula												27768736676	animal marked
Palu	yq	Sumaya												27946172132	santé
Fille	yq	Sunguru		Denmuso		Denmuso								-55362297431	gens
Prendre	yq	Ta												27946172134	verbe
Marcher	yq	Taagama		Taama		Taama								-5481833799	verbe
Partez	yq	Ta ka bɔ yan												27946172135	
Totem	yq	Tana												1529143433523	
Feu	yq	Tasuma		Ta		Ta								27946172137	
Tante	yq	Tenɛmuso												-53806530587	gens
Ami	yq	Tericɛ		Teri										-52668375815	gens
Paume	yq	Tɛgɛ		Tigɛ		Tigɛ								27809169061	corp
Passer	yq	Tɛmɛ												27946172140	verbe
Arachide	yq	Tiga		Tigɛn										-19140267857	nourriture
Découper	yq	Tigɛtigɛ												27946172142	verbe
Propriétaire	yq	Tigitigi		Tigi										27946172143	gens
Ouest	yq	Tileben												27946172146	
Juste	yq	Tilenin		Tilennen										-1161731729	marked
Sucrer	yq	Timi												27946172148	verbe
Accoucheuse	yq	Tinminɛla												27946172149	gens
Vérité	yq	Tiɲɛ												-52670184469	
Vraiment	yq	Tiɲɛ tiɲɛ na	CIV	Tiɲɛn na		Tigitigi								-54727486070	
Tee-shirt	yq	Tiriko												27946172150	
Éternuer	yq	Tiso												27946172151	santé
Oreille	yq	Toro		Tulo		tulo	bm							-53958647738	corp
Disenterie	yq	Tɔgɔtɔgɔmi												1529143433526	santé
Profit	yq	Tɔnɔn		Nafa		Tɔnɔ								-15267201502	
Crapeau	yq	Tɔri												27946172130	animal
Grenouille	yq	Tɔri sen jan	CIV	Tɔri	BFA	ntɔri	MLI							27768736677	animal marked
Encore	yq	Tuguni		Fɔlɔ	BFA	Fɔlɔ	BFA	Tugu						-17508347819	connecteur essentiel marked
Huile	yq	Tulu												28382876283	nourriture
Août	yq	Utikalo		Uti										-54126083347	calendrier
Quand ?	yq	Waati jumɛn		Tuma jumɛn		Tuma jumɛn								1527946172154	
Lion	yq	Waraba		Jara	BFA									-55856535102	animal
Argent	yq	Warigwɛ		Wari		Wari								1528479911909	
Appeler	yq	wele		Kiri		Kiri		weele						27946172155	verbe
Autre	yq	Wɛrɛ												-53807402499	connecteur essentiel
Week-End	yq	Wikɛni												1529143433529	calendrier
Bouillir	yq	Wili wili												27946172156	verbe
Trier	yq	Woloma												27946172157	verbe
Sud	yq	Worodugu yan fan fɛ												27946172158	
Soir	yq	Wula												-53807309109	
Rouge	yq	Wuleman												-8088147732	couleur
Chien	yq	Wulu												-55856535101	essentiel
Pardonner	yq	Yafa		Yafa mɔgɔ ma										-26807921802	verbe
Ici	yq	Yan												-25714846273	
Bientôt	yq	Yanni dɔnni		Yanni sɔnni		Sɔnni								-48185682132	
Invisible	yq	Yebali												1529143433530	marked
Changement	yq	Yɛlɛmali		Yɛlɛmani										-7540359438	
Même	yq	Yɛrɛ												-4431224777	
Montrer	yq	Yira		Yira mɔgɔ la										-45246239492	verbe
Arbre	yq	Yiri												-19139521467	
Charpentier	yq	Yiri dɛsɛla												27946172159	gens
Sculpteur	yq	Yirilɛsɛla												27946172160	gens
Partout	yq	Yɔrɔbɛɛ		Yɔrɔ bɛɛ										-18766759486	
Loin	yq	Yɔrɔ jan												1529143433531	
Janvier	yq	Zanwiyekalo		Zanwiye										-54126345103	calendrier
Juin	yq	Zuɛnkalo		Zuwɛn										-54126157170	calendrier
Journaliste	yq	Zurunali sɛbɛrikɛla												27946172161	gens
Juillet	yq	Zuwekalo		Zuwe										-54126114666	calendrier
