-7053266987	185000	bk	Waa kɛmɛ ni bi seegi ni looru						wt
1527665647939	1er siècle	yq	Saan kɛmɛ folo						wt
27783419498	Abîme		Dingɛ dunba						wt
27783419430	Abonnement		Abɔneman						wt
27783419455	Abordable		An te sigasiga ka kuma a fɛ		A labilanin lo mɔgɔw kama (être abordable)				wt
1527665647997	À cause de leur état de pécheur	yq	U yɛrɛw ka jurumutoya koson						wt
27783419584	Accentuation des mots clés		Ka sinsin yɔrɔ jɔnjɔnw kan						wt
27783419684	Accepter revue		Sɔn zurunali la		fɛn la				wt
1529599765373	Acceuillir	jl 5	Bisimila						
1529599765525	Accompagner	jl 17	Bilasira						
27783419712	Accroissement		Yiriwali						wt
27783419567	Accueillir les visiteurs		Ka lonanw bisimila						wt
1527665647659	Accusé faussement	yq	Jalaki gwansan						wt
1529599765621	Acheter	jl 28	Fɛɛrɛ	v					v wt
1529599765427	Acte/comportement	jl 10	Kɛwale						
1527665647547	Activité intense	yq	Baara gwanniman						wt
1527665647548	Activité spéciale	yq	Baara kɛrɛnkɛrɛnnin						wt
27783419604	Activités saines		Koow kɛcogo saniman						wt
1527665647563	Adapter (s') aux gens	yq	Bɛn mɔgɔw ma						wt
1527665647541	Adaptons-nous	yq	An ka yɛlɛmani dɔw kɛ an yɛrɛ ka koow la						wt
1527665647538	Adopter le bon point de vue	yq	An ka kɛ ni miiriya ɲuman ye						wt
1527665647558	Adorateur	yq	Batobaga						wt
1529599765511	Adulte	jl 16	Baliku						
1528499809531	Affrontons l'avenir avec foi et courage	wt	An ka siniɲasigi kunbɛn ni limaniya ni jagwɛlɛyaye	166					dp
27783419700	Afin de se rétablir spirituellement		Walisa a ka segi ka fanga sɔrɔ Alako ta fan fɛ						wt
1528499809532	Agissons sagement dans un monde insensé	wt	An ka koow kɛ ni hakilitigiyaye nin duniɲa hakilintan kɔnɔ	167					dp
27783419475	Aide matérielle		Bololafɛn dili						wt
1527665647755	Ajouter du poids à nos paroles	yq	Ka sinsin an ka kumaw kan						wt
27783419693	A leur insu		U ɲina ma						wt
1527665647759	Aller à un rendez-vous	yq	Ka taa nyogonye do la						wt
1527665647760	Aller là où le besoin est grand	yq	Ka taga sigi yɔrɔ min na makoyaba be yen						wt
1527665647990	Alliance	jl	Layidu						wt
1527665647741	Amasser des trésors sur la terre	yq	Ka nafolo lajɛn dugukolo kan						wt
1529244629184	Ambiance chaleureuse	yq	Jɛnɲɔgɔnya teriman						wt
1529244629185	Ambitieux	yq	Dusutigi				Min te yɛrɛ dan lɔn		wt
1527665647715	Améliorer la qualité de la voix	yq	Ka kaan cogo fisaya						wt
1527665647695	Améliorer nos conversations	yq	Ka baro kɛcogo fisaya						wt
1527665647678	Améliorer sa personnalité	yq	Jogo yɛlɛma						wt
-54217186336	Ancien	jl 14	Diinan mɔgɔkɔrɔ						wt
1527665648035	Ancien numéro	yq	Zurunali koroman						wt
1529599765360	Anciens manuscrits de la Bible	jl 4	Bibulu bololasɛbɛni kɔrɔkɔrɔw						
1527665648007	Année de service	yq	Waajulibaara saan						wt
1529599765613	Années passées	jl 25	Saan tɛmɛninw						
27783419468	À notre époque / De nos jours	jl 28	Bi tilew la						wt
-54217186332	Antenne de traduction	bk	Gafew bayɛlɛma yɔrɔ						wt
1527665647725	Anticiper les objections	yq	Ka kɔn k'i yɛrɛ labɛn sɔsɔliw koo la						wt
1527665647894	Apostat	yq	Murutilen						wt
1527665647580	Apôtre	yq	Ciden						wt
1528499809481	Apprécions les merveilles de la création de Dieu	wt	Ala ka danfɛn cɛɲumanbaw koo ka diya an ye	114					dp
1527665647697	Apprendre des textes bibliques	yq	Ka bibulusenw degi k'u lɔn						wt
1529599765501	Approbation	jl 15	Diyanye						
1529599765425	Approcher de Jéhovah	jl 10	Magwɛrɛ Jehova la						
27783419686	Approcher s' (temps)		Surunyalen						wt
1527665647777	Après chaque exposé	yq	Kalan kelen-kelen banni kɔ						wt
1529599765357	Araméen	jl 4	Aramekan						
1527665647858	Arche (de l'alliance)	yq	Layidu waganden						wt
1529244629186	Arche	yq	Waganden						wt
1527665647521	Armure complète de dieu	yq	Ala ka kɛlɛkɛ minenw bɛɛ						wt
1527665647959	Asperger	yq	Seri seri						wt
1528499809465	Aspirons a la vie veritable !	wt	An ka ɲɛnamaya sɔbɛ ɲini!	90					dp
1529599765576	Assainir la maison	jl 21	Boon saniya						
1527665647981	Assemblée de circonscription	yq	Tile fila lajɛnba						wt
1527665647983	Assemblée de district	yq	Tile saba lajɛnba						wt
1529599765439	Assemblée	jl 11	Lajɛnba						
1529599765449	Assemblée régionale	jl 11	Tile saba lajɛnbaw						
1527665647982	Assemblée spéciale d'un jour	yq	Tile kelen lajɛnba						wt
27783419528	Assistance / Foule	jl 19	Jama						wt
1527665647821	Assistant ministériel expérimenté	yq	Kɔrɔsigi ciden setigi						wt
-54217186339	Assistant ministériel	jl 16	Kɔrɔsigi ciden						wt
1527665647719	Assumer les responsabilités chrétiennes	yq	Ka kerecɛnya kunkanbaaraw dafa						wt
1527665647648	Assurez-vous que la chambre est propre et nette	yq	I k'i janto k'a filɛ n'i sibon saniyalen be ani a ladonnen be						wt
1527665647872	Attitude mentale	yq	Miiriya cogo						wt
27783419658	Au bord du Nil		Nili bada la						wt
27783419620	Auditeur		Lamɛnnikɛla						wt
1527665647567	Aujourd'hui plus que jamais	yq	Bi, ka tɛmɛ sanga ni wagati  bɛɛ kan						wt
1529244629187	Auteur de la famille	yq	Danbaya jusigibaga						wt
1529599765354	Authentique	jl 4	Tigitigi						
27783419697	Autre nécessité		Waajibiko wɛrɛ						wt
1527665647941	Autres brebis	yq	Saga wɛrɛw						wt
1529599765565	Autres moyens	jl 20	Fɛɛrɛ wɛrɛw						wt
1529599765330	Avant	jl 1	Ka kɔrɔ						
1527665647726	Avant notre ère	yq	Ka kɔn Krista tile ɲɛ						wt
1529244629188	Avec franchise	yq	Ni kɔnɔgwɛ ye						wt
1529244629189	Avec habileté	yq	Ni hakili diya ye						wt
1529599765472	Avenir	jl 12	Siniɲasigi						
1528499809514	Avez-vous la pensée de Dieu sur la vie ?	wt	Yala aw be niin jati i ko ala b’a jati cogo min na wa?	148					dp
1527665647720	Axer sa vie	yq	Ka kɛ a ɲɛnako fɔlɔ ya						wt
1528499809509	Ayez confiance dans le Dieu de toute consolation	wt	An k’an jigi la dusu saaloli bɛɛ tigi ala kan	143					dp
1528499809513	Ayons confiance dans la force salvatrice de Jéhovah	wt	An k’an jigi la jehova ka kisili fanga kan	147					dp
1528499809485	Ayons la pensée de Jéhovah sur les jeunes	wt	An ka kɛ ni jehova ka miiriyaye denmisɛnw koo la	118					dp
1528499809474	Ayons une bonne conscience dans un monde dominé par le péché	wt	An ka kɛ ni dusukun ɲuman ye duniɲa jurumutɔ kɔnɔ	107					dp
-53277812243	Baisser	bk	Suuri		Sosuuri				wt
1529599765451	Baptiser	jl 11	Batize						
1529599765559	Basé la discussion sur la Bible	jl 20	Ka baro basigi Bibulu ka fɔta kan						
1527665647885	Beaucoup écoutent plus attentivement	yq	mɔgɔw b'u tulo malo						wt
1529599765376	Bénéfice	jl 6	Nafa						
1529599765385	Bénéfique	jl 7	Nafaman						
1529599765437	Bénir	jl 10	Duga	vi					v wt
27783419506	Bénis		Dugaden		Dubaden				wt
1529599765505	Berger	jl 15	Sagadɛndɛla						
1527665647771	Besoin de la congrégation	yq	Kafo ka mako						wt
1529599765423	Besoin	jl 10	Makoya						
-54217186341	Béthel	jl 21	Bɛtɛli						wt
-40927278615	Bible	bk	Bibulu						wt
1529599765619	Bibliothèque	jl 27	Bibilotɛki						
1529599765443	Bienfait de l'amité	jl 11	Teriya diya						
27783419505	Bienfait		Duga	n	Sara		Nafa		n wt
1527665647897	Bienfait durable	yq	Nafa bɛrɛbɛrɛ						wt
1527665647575	Biens matériels	jl 24	Bolofɛnw						wt
27783419618	Blâme		Lagosili						wt
1529599765434	Boisson	jl 10	Minnifɛn						
3653464641	Boîte à offrande	jl 25	Nili buwati						wt
1527665647579	Boîte	yq	Buwati		Gongo				wt
1529599765517	Bon exemple	jl 16	Ɲɛyirali ɲuman						
27783419462	Bonne discussion		Baro diiman						wt
1529599765592	Bonne façon	jl 22	Cogo bɛnnin						
1529599765491	Bonne formation	jl 14	Fɔrɔmasɔn ɲuman						
1529599765502	Bonne intention	jl 15	Ɲaniya ɲuman						
1529599765471	Bonne nouvelle du Royaume de Dieu	jl 12	Ala ka Masaya kibaro diiman						
27783419631	Bonne nouvelle du Royaume		Masaya kibaro duman						wt
1527665647802	Bonne nouvelle éternelle	yq	Kibaru duman banbali						wt
1527665647801	Bonne nouvelle	jl 12	Kibaro diiman				Kibaro duman		wt
1529599765318	Bon père	jl	Faa ɲuman						
1527665647788	Bonté de cœur	yq	Kanuya kantigiman						wt
1527665647924	Bonté mal placée	yq	Ɲumaya min man kan		Ɲumaya min a dagalen tɛ				wt
1527665647923	Bonté	Yannick	Ɲumaya						wt
27783419531	Brûler / Consumer	yq	Jeni		Jɛni				wt
1527665647988	Bureau de la filiale	jl 22	Tɔnbolo biro						wt
1529599765573	Bureau	jl 21	Biro						
1527665647740	Calomnier Jéhovah		Ka nafigiya kɛ Jehova la						wt
1529599765469	Camarades de classe	jl 12	Lakɔli filankuruw						
1527665647787	Campagne spéciale	yq	Kanpaɲi kɛrɛnkɛrɛn						wt
1527665647899	Ça ne m'intéresse pas	yq	Ne mako t'a la						wt
1529599765433	Cantique / Mélodie / Chanson / Chant	jl 10	Dɔnkili						
1527665647507	Ça ressemble à quoi ?	yq	A bɔnin be mun le ma ?						wt
1527665647506	Ça ressemble à …	yq	A bɔnin be …ma						wt
1529599765533	Catastrophes	jl 18	Balawo						
1527665647930	Ce genre de questions	yq	O ɲiningali ɲogonw						wt
1527665647926	Cela arrivera de notre vivant	yq	O bena kɛ k'an to sii la						wt
1527665647910	Cela donne vraiment à réfléchir	yq	Nin b'an lasun ka miiri sɔbɛ la						wt
1527665647932	Cela l'affermi en vue des épreuves à endurer	yq	O ye a fanga don a la walisa a ka kɔrɔbɔliw muɲu						wt
1527665647512	Cela ne consiste pas à ...	yq	A kɔrɔ tɛ ka…						wt
1527665647888	Cela ne passe pas inaperçu	yq	Mɔgɔ wɛrɛw b'a kɔrɔsi						wt
1527665647925	Cela prouve que	yq	O b'a yira ka gwɛ ko						wt
1529599765519	Celui qui aide	jl 16	Dɛmɛbaga						
1529599765523	Centaines de kilomètres	jl 17	Kilomɛtɛrɛ kɛmɛ-kɛmɛ						
27783419629	Centre d'intérêt		Makow						wt
1527665647889	Centres d'intérêt des gens	yq	Mɔgɔw ka makoyaw						wt
1528499809547	Ce que le Royaume de Dieu fait pour nous dès maintenant	wt	Ala ka masaya be min ɲɛna an ye kabini sisan yɛrɛ	182					dp
1527665647505	Ce qu'elle nous réserve	yq	A be min mara an ye						wt
1527665647929	Cette femme n'a jamais manqué une réunion	yq	O muso ma fɔn lajɛn si la						wt
1527665647911	Cette information est importante car …	yq	Nin kunnafoni korotalen be sabu …						wt
1527665648025	Cette méthode est elle toujours utile ?	yq	Yala o kɛcogo be sanga la hali bi wa ?						wt
1527665647517	Cette personne ne manifeste pas d'intérêt	yq	A tigi m'a mako don						wt
1527665647880	Ceux dont la situation ressemble à la nôtre	yq	Minw be an ka cogoya ɲɔgɔn kɔnɔ						wt
1527665647535	Ceux qui nous observent	yq	An filɛbagaw						wt
1527665647882	Ceux qui ont grandi dans un foyer chrétien	yq	Minw lamɔna kerecɛnya denbaya kɔnɔ						wt
1528499809473	Ceux qui ruinent la terre subiront le châtiment de Dieu	wt	Ala bena dugukolo tiɲɛbagaw halaki	106					dp
20017677956	Chair	bk	Farisogo						wt
1527665647619	Chair imparfaite	yq	Farisogo dafabali						wt
1529599765374	Chaleur (humaine)	jl 5	Dusudiya						
1529599765539	Chambre	jl 18	Layɔrɔ						
1527665647748	Changer de mode de vie	yq	Ka ɲɛnamaya kɛcogo yɛlɛma						wt
27783419707	Changer / Traduire		Yɛlɛma						wt
1529599765383	Chant	jl 7	Donkili						
-53018127491	Chapitre	jl 9	Kalansen		Tilan		Tilanyɔrɔ		wt
1529599765441	Chaque année	jl 11	Saan o saan						
1529599765420	Chaque semaine	jl 9	Lɔgɔkun o lɔgɔkun						
1527665647798	Char de guerre	yq	Kɛlɛkɛwotoro						wt
-15522069116	Char de jehovah	bk	Jehova ka wotoro						wt
27783419507	Chemise, Vêtement, Tunique		Duloki		Dereke		Fani		wt
27783419578	Chérir la vie		Ka ɲɛnamaya jati fɛnba ye						wt
1527665647861	Chez les personnes intéressées	yq	Makodon mɔgɔw fɛ						wt
1529599765507	Chez nous	jl 15	An ka soo						
1529599765401	Choix	jl 8	Sugandili						
1529599765561	Choses spirituelles	jl 20	Alakow						
1529599765400	Chosir	jl 8	Sugandi						
1527665647793	Chrétien célibataire	yq	Kerecɛn furubali						wt
1527665647794	Chrétien marié	yq	Kerecɛn furulen						wt
1529599765558	Chrétien oint	jl 20	Kerecɛn mɔlenw						
1527665647807	Christ	yq	Kirista						wt
1527665647966	"Classe de ""l'intendant"""	yq	So kunna sigibaga jɛnkulu						wt
1529599765486	Climat	jl 14	Wagati cogoya						
1527665647863	Codirigeant	yq	Marakɛɲɔgɔn						wt
1527665647963	Coépouse	yq	Sinamuso						wt
1529599765411	Coeur brisé	jl 9	Hakili ɲagami						
1527665647698	Collaborer avec les anciens	yq	Ka bolo di diinan mɔgɔkorow ma						wt
1527665647816	Collège central	jl 20	Koow ɲɛnabɔla jɛnkulu						wt
1527665647604	Collège d'anciens	yq	Diinan mɔgɔkorow jɛnkulu						wt
1529599765468	Collègue de travail	jl 12	Baarakɛɲɔgɔn						
1527665647644	Combien d'idées aborder ?	yq	Hakilinata hakɛ juman ta ?						wt
-16124033849	Comité de filiale	jl 22	Tɔnbolo ka kɔmité						wt
1527665648012	Comité de service	yq	Waajuliko ɲɛnabɔbagaw jɛnkulu						wt
1529599765541	Comité	jl 18	Kɔmite						
-53017833927	Commandement	jl 16	Cii						wt
1529599765563	Commandements / Instructions	jl 20	Cikanw						wt
1527665647722	Commander (passer commande)	yq	Ka komandi kɛ						wt
1527665647717	Commencer une étude  dès le premier contact	yq	Ka kalan daminɛ ɲɔgɔnye fɔlɔ la						wt
1529599765419	Commentaire	jl 9	Lakalita						
1527665647511	Comment a-t-il réagi ?	yq	A kɔnna k'o koo ta cogo di?						wt
1528499809479	Comment faire preuve d'amour dans un monde d'illégalité	wt	Kanuyayiracogo duniɲa kɔnɔ min be sariya tiɲɛ	112					dp
1528499809556	Comment l'amour et la foi peuvent vaincre le monde	wt	Kanuya ni limaniya b’an dɛmɛ ka see sɔrɔ duniɲa kan cogo di?	191					dp
1528499809480	Comment les jeunes peuvent-ils affronter le monde en crise ?	wt	Denmisɛnw be se ka see sɔrɔ bi gwɛlɛya kan cogo di?	113					dp
1527665647775	Comment remplir le formulaire	yq	Kafolisɛbɛ dafacogo						wt
1528499809454	Comment rester spirituellement éveillé	wt	An be se ka to ɲɛɛ na cogo di alako ta fan fɛ?	71					dp
1528499809482	Comment se protéger des pièges de Satan	wt	An yɛrɛ tanga cogo sitanɛ ka jaanw ma	115					dp
1528499809525	Comment trouver la securite dans un monde dangereux	wt	Cogo juman na an lakanalen be se ka sigi duniɲa fariman kɔnɔ?	159					dp
1528499809484	Comment vaincre le mal par le bien	wt	An be se ka see sɔrɔ juguya kan koo ɲuman fɛ cogo min na	117					dp
1529599765464	Commerces	jl 12	Jagokɛyɔrɔw						
3656657915	Communications	jl 27	Kunnafoni						wt
1527665647836	Communication spéciale	yq	Kunnafoni kɛrɛnkɛrɛn						wt
1527665647643	Compagnie spirituelle stimulante	yq	Hakilimaya jɛnnyogonya duman						wt
1527665647851	Compagnon de chambre	yq	Lamɔgɔ						wt
1527665647519	Compagnon de travail de dieu	yq	Ala ka baarakɛnyogon						wt
1527665647795	Compagnons chrétiens	yq	Kerecɛnɲɔgɔnw						wt
1527665647993	Compagnon	yq	Tunɲɔgɔn						wt
1527665647569	Compréhension actuelle de la bible	yq	Bibulu faamuyacogo kura						wt
1529599765350	Compréhension	jl 3	Famuyali						
27783419538	Compter sur Jéhovah		K'an bolo la Jehova kan						wt
1527665647812	Compte tenu du temps imparti	yq	Komi wagati daan tigɛra						wt
1527665647950	Conditions à remplir	yq	Saratiw ka dafa						wt
27783419616	Conducteur à la Tour de Garde		La Tour de Garde kalan ɲɛminɛbaga						wt
1529599765426	Conduite	jl 10	Jogo						
1529599765568	Confier	jl 20	Kalifa						
1529599765496	Congrégation chrétienne primitive	jl 15	Kerecɛn kafo daminɛ						
-53018792198	Congrégation	jl 6	Kafo						wt
27783419448	Conjuguons nos efforts		An ka jɛn k'an jija ka …						wt
1529599765315	Connaissance	jl	Lɔniya						
27783419552	Connaître Jéhovah et le servir	yq	Ka Jehova lon ani ka baara kɛ a ye						wt
1529599765389	Conseil	jl 7	Ladili						
27783419617	Conseiller adjoint (EMT)		Ladili dibaga filanan		Ladili dibaga kankɔrɔsigi				wt
1529599765615	Construction	jl 25	Lɔli						
1527665647600	Contemporain de David	Yannick	Daouda ka wagati mɔgɔ				Daouda ka filankuru		wt
1527665647566	Contemporain (de notre époque)	yq	Bi mɔgɔ						wt
1527665647616	Contenance, Capacité	yq	Fahakɛ						wt
1529599765450	Contenu de la Bible	jl 11	Bibulu kɔnɔko						
1529599765599	Contenu des livres	jl 23	Gafew kɔnɔkow						
27783419621	Contexte		Laminiko						wt
27783419451	Continuons d'attendre Jéhovah		An ka to ka Jehova makɔnɔ						wt
1527665647577	Contribuer	yq	Bolomafara di						wt
1527665647576	Contribution volontaire	yq	Bolomafara						wt
1527665647556	Conversation initiale	yq	Baro folo						wt
1527665648026	Conversion	yq	Yɛlɛmani						wt
1527665647994	Convertir(se)	yq	Tuubi						wt
1529599765588	Coordinateur de la filiale	jl 22	Tɔnbolow kɔrɔsibagaw						
1527665647606	Coordinateur du collège des anciens	yq	Diinan mɔgɔkɔrɔw jɛnkulu ka koow labɛnbaga						wt
1529599765399	Corps	jl 8	Farikolo						
1529599765485	Coutumes	jl 14	Landaw						
1529599765396	Couvrir	jl 8	Sutara						
1529599765321	Créateur	jl	Danbaga						
27783419530	Créations de Jéhovah		Jehova ka fɛɛn danenw						wt
1527665647599	Créature spirituelle	yq	Danfɛn hakililama						wt
3218598874	Créer	bk	Dan						wt
1527665647724	Croître spirituellement	yq	Ka kɔgɔ Alako ta fan fɛ						wt
1529599765326	Croyances	jl 1	Lannakow						
27783419602	Croyance	yq	Lannako						wt
27783419443	Croyant		Alalɔnbaga						wt
-18949479733	Culte	bk	Batoli						wt
1529599765421	Culte familiale	jl 10	Gwa kɔnɔ batoli						
1529599765323	Culte pur de Jéhovah	jl	Jehova ka batoli saniman						
1527665647701	Cultiver de bonnes habitudes	yq	Ka degi delinanko ɲumanw na						wt
1527665647588	Dans la dignité	yq	Cogo bɛnnen na						wt
1527665647904	Dans la mesure du temps disponible	yq	Ni wagati be yen						wt
1529599765456	Dans le monde entier	jl 12	Duniɲa kuru bɛɛ kɔnɔ						
1527665647573	Dans les temps bibliques	yq	Bibulu sɛbɛwagati la						wt
1529599765612	Dans le territoire	jl 25	Kiin kɔnɔ						
1527665647612	Dans un monde méchant et corrompu	yq	Duniɲa juguman tolinen kɔnɔ						wt
27783419487	De façon méthodique (ordonnée) / Logique		Cogo tilennen na						wt
27783419587	Défendre la vérité		Ka tinyɛnko lafasa						wt
1528499809558	Delivrés de la detresse	wt	Kisili, duniɲa ka tɔɔrɔba wagati la	193					dp
1528499809528	Délivrés d’un monde de ténèbres	wt	An kunmabɔra duniɲa dibiman bolo	162					dp
1527665647992	Déluge	yq	Tufane jii		Sanjiba				wt
3656948736	De maison en maison	jl 12	Soo ni soo						wt
1527665647632	Demande de publications (demande écrite)	yq	Gafew nyinisɛbɛ						wt
1527665647727	Demander des congés	yq	Ka kɔnze deli						wt
27783419489	Démarrer (conversation)		Dabɔ						wt
-5583657714	Démon	bk	Jina						wt
1529599765392	Démonstration	jl 7	Nɛyiraliw						
1529599765608	Démuni	jl 24	Dɛsɛbagatɔ						
1527665647832	De nouveaux sommets ont été atteints	yq	Kunkɔrɔta kura caaman sɔrɔla						wt
1529599765602	Dépenses	jl 24	Musakaw						
1527665647979	Des amis peu recommandables	yq	Teri jugu sifaw						wt
1529599765479	Désespoir	jl 13	Jigi tigɛ						
1527665647621	Désirs charnels	yq	Farisogo negew						wt
1528499809461	Des prieres que Dieu entend	wt	Ala be delili minw lamɛn	86					dp
-8263134106	Dessein	bk	Sago						wt
1529599765336	Des siècles	jl 2	Saan kɛmɛ-kɛmɛ						
1527665647927	De tels sacrifices	yq	O bonyogonko sarakaw						wt
1528499809548	Détournons les yeux de ce qui ne vaut rien !	wt	A’ ye aw ɲɛɛw bɔ fɛɛn fufafuw kan!	183					dp
1527665647779	Développement logique	yq	Kalan kɛcogo tilenna						wt
1527665647703	Développer nos facultés de perception	yq	Ka faamuyali hakili bonya						wt
1527665648002	Devoir sacré	yq	Waajibiko senuman						wt
-53019039215	Diable	bk	Naafigi						wt
1528499809502	Dieu approuve-t-il l'utilisation d'images dans le culte ?	wt	Yala ala be sɔn an ka tɛmɛ boliw fɛ ka batoli kɛ wa?	136					dp
1528499809538	Dieu approuve-t-il une religion en particulier ?	wt	Yala ala be sɔn diinanw bɛɛ la wa?	173					dp
1528499809530	Dieu est-il toujours le Souverain de la terre ?	wt	Yala ala ye dugukolo kuntigi ye hali bi wa?	164					dp
1529599765379	Difficulté	jl 6	Gwɛlɛya						
1527665648038	Diffusion des périodiques	yq	Zurunaliw jɛnsɛnni						wt
1529599765332	Digne, libre	jl 1	Hɔɔrɔn						
27783419608	Directeur de festin		Kɔɲɔko kuntigi						wt
1529244629192	Diriger son regard vers	yq	Ɲɛsin fɛn ma						wt
27783419596	Disciple		Kalanden						wt
1527665647628	Discours de mariage	yq	Furukalan						wt
27783419593	Discours / Enseignement	jl 3	Kalan						wt
1527665647780	Discours et discussions	yq	Kalan ni baro						wt
1529599765447	Discours intéressants	jl 11	Kalan diimanw						
27783419516	Discours public / Réunion publique	jl 7	Forobakalan						wt
1527665647626	Discours spécial	yq	Forobakalan kɛrɛnkɛrɛn						wt
27783419713	District du Jourdain		Zurudɛn mara						wt
1527665647962	Divers aspects	yq	Sifa faanw ka ca						wt
1529599765381	Divertissements	jl 6	Ɲɛnagwɛ						
1527665647585	Dix commandements	yq	Cikan Tan						wt
27783419509	Domination oppresive	yq	Fanga marali		Ka marali kɛ ni fanga ye				wt
27783419473	Don matériel		Bololafen nili						wt
1527665647649	Donner à jéhovah le meilleur	yq	I k'i seko fisaman kɛ jehova ma						wt
1527665647743	Donner avec joie	yq	Ka nili kɛ ni diyanye ye						wt
1527665647688	Donner le meilleur	yq	K'an seko fisaman kɛ						wt
27783419660	Donner un proverbe		Ntalen la						wt
1529599765478	D'une manière simple	jl 13	Cogo nɔgɔman						
1527665647646	Éclaircir un point	yq	Hakilinata koro yira ka gwɛ						wt
1529599765492	École biblique de Giléad	jl 14	Gilead ka Bibuluko lakɔli						
1527665647581	École de formation ministérielle	yq	Cidenyabaara degeli lakɔli						wt
-15518782417	École de guiléad	bk	Gilead lakɔli						wt
1527665647524	Ecole du ministère théocratique	yq	Ala ka Mara cidenyabaara lakɔli						wt
1529599765432	École	jl 10	Lakɔli						
-15518899097	École pour évangélisateurs du royaume	bk	Masaya waajulikɛlaw ka lakoli						wt
1527665647700	Ecourter poliment la conversation	yq	Ka daan sigi o baro la ni bonya ye						wt
1529599765601	Écrire	jl 23	Sɛbɛri kɛ						bambara
27783419425	Écrit à l'envers		A sɛbɛra ka yɛlɛma ɲɛjugu kan						wt
27783419519	Écritures grecques chrétiennes		Gɛrɛkikan Sɛbɛninw						wt
27783419524	Écritures hébraïques		Heburukan Sɛbɛninw						wt
1527665647661	Efficace	yq	min be sanga sɔrɔ		Bɛrɛbɛrɛ				wt
1529599765623	Effort / Encouragement	jl 28 jl 10	Jijali						wt
27783419444	Elle l'adopta comme son fils		Ale y'a kɛ a yɛrɛ dencɛ ye						wt
27783419426	Elle m'est allée droit au cœur.		A sinna ka ne dusu minɛ.						wt
27783419669	Elles ne sont pas autorisées à l'assemblée		O ma daga lajɛnba yɔrɔ la						wt
27783419496	Emblème		Dasiri						wt
27783419650	Empêcher de progresser		Nagasi						wt
1529599765440	Empressement	jl 11	Kɔrɔtɔ						
27783419691	En avoir conscience ou non		U b'a kala ma wo, u t'a kala ma wo						wt
25806141398	Encadré	bk	Koorilen						wt
1527665647824	En cas d'urgence	yq	Kɔrɔtɔkow kosɔn						wt
27783419634	Enduire		Mɔ						wt
1527665647893	Endurance	yq	Muɲuli						wt
3661744119	Endurer	Boyd	Muɲu						wt
1529599765430	Enfants	jl 10	Deenw						
-53020300790	Enfer	bk	Jahanama						wt
1529599765490	Engin	jl 14	Bolifɛn						
1527665647543	En prêchant	yq	An kɛtɔ ka waajuli kɛ						wt
1528499809533	En sécurité dans un monde agité	wt	Aw lakanalen be se ka sigi duniɲa ɲagaminen nin kɔnɔ!	168					dp
1527665648021	Enseignant capable	yq	Weleweledala kolonbaga		Weleweledala setigi				wt
1529599765494	Enseignant de la Bible	jl 14	Bibulu karamɔgɔ						
1529599765342	Enseignant	jl 3	Karamɔgɔ						
1529599765370	Enseignant qualifié	jl 5	Karamɔgɔ setigi						
1527665647572	Enseignement biblique fondamental	yq	Bibulu kalansira jonjon						wt
1529599765314	Enseignement véridique	jl	Kalan tigitigi						
1527665647716	Enseigner avec simplicité	yq	Ka kalan cogo nɔgɔman na						wt
1527665647738	Enseigner sans oublier que le temps presse	yq	Ka mɔgɔ kalan ni kɔrɔtɔ miiriya ye						wt
27783419456	En ses propres termes		An yɛrɛ ka kumacogo la						wt
1527665647596	Entamer (entamer une conversation)	yq	Daminɛ						wt
1529599765460	En tout lieux	jl 12	Yɔrɔ o yɔrɔ						
3827656569	Entraîner		Degi						marked wt
27783419461	Entrée en matière		Baro dadon kuma						wt
1529599765475	Entreprendre le service de pionnier	jl 13	Ka seen don piyɔniye baara la						
1529599765516	Entretenir la Salle du Royaume	jl 16	Masaya Boon ladonko						
1527665647781	Environ 5000 nouveaux disciples	yq	Kalanden kura 5000 nyogon						wt
-53017499366	Envoyé de dieu	bk	Ala ka ciden						wt
1529599765551	Esclave filèle et avisé (Bible)	jl 19	Jɔncɛ dannamɔgɔ hakiliman						
1529599765549	Esclave filèle et avisé	jl 19	Jɔncɛ kantigiman hakiliman						
1527665647915	Espérance de la vie éternelle	yq	Nyɛnamaya banbali jigi						wt
3832771434	Espérer	yq	Jigi		Jigi (ex : n jigi b'a la)				marked verbe wt
1529599765351	Espoir de la résurection	jl 3	Sukununi jigiya						
1527665647922	Esprit de compétition	yq	Ɲɔgɔndan miiriya						wt
1529599765572	Esprit de sacrifice	jl 21	Yɛrɛsaraka hakili						
1527665647974	Esprit des ancêtres	yq	Sukɔrɔ						wt
1527665648030	Esprit d'indépendance	yq	Yɛrɛta hakili						wt
1527665647611	Esprit du monde	yq	Duninya ka miiriya						wt
27783419520	Esprit fixé sur le Royaume		Hakili be sigi Masaya koow kan						wt
-53018156709	Esprit saint	jl 19	Hakili senu						wt
1528499809546	Est-il plus tard que vous ne le pensez ?	wt	Kɔni duniɲa laban wagati tɛna bari aw la dɛ?	181					dp
1529599765542	Établir	jl 18	Ka sigi sen kan						
-55856535130	Éternellement	bk	Kudayi						wt
27783419706	Êtes-vous prêts à faire votre choix ?		Yala i labɛnnen be k'o latigɛ wa ?						wt
27783419558	Être irréprochable et innocent		Ka kɛ jalakibali jɛlenw ye						wt
27783419582	Être réintégré		Ka segi ka na						wt
1529599765390	Étude biblique de la congrégation	jl 7	Kafo ka Bibulu kalan						
1527665647574	Étude biblique	yq	Bibulukalan						wt
1527665647809	Étude de livre	yq	Kitabukalan jɛnkulu						wt
1527665647636	Étude familiale	yq	Gwakalan						wt
1527665647790	Étude individuelle	yq	Kelenna kalan						wt
1529599765526	Études bibliques	jl 17	Bibulukalanw						
1529599765335	Étudiants de la Bible	jl 2	Bibulu Kalendenw						
1529599765341	Étudiant sérieux	jl 2	Kalenden sɔbɛ						
1527665648008	Évangélisateur zélé	yq	Waajulikɛla kisɛman						wt
1527665647734	Eveiller la curiosité	yq	Ka lasun u ka ɲiningali kɛ						wt
1527665647920	Éveiller l'intérêt	yq	Ɲɛnatigɛ		Ka hakili sama				wt
27783419460	Evènement imprévus		Barinankow						wt
1527665647995	Éviter les extrêmes	yq	U waganen tɛ						wt
1527665647761	Éviter les pièges	yq	K'a yɛrɛ tanga jaan dow ma						wt
1527665647706	Excommunier	yq	Ka gwɛn ka bɔ kafo kɔnɔ						wt
1529599765457	Exemple	jl 12	Ɲɛyirali						
27783419661	Exemple remarquable		Nyɛyirali cɛnyumanba						wt
2477221638	Explication		Sɛgɛsɛgɛli						marked wt
-7054053843	Expliquer	jl 19	Ɲɛfɔ						wt
27783419595	Exposé constructif		Kalan ɲuman						wt
1527665647584	Exposé n°1	yq	Cii folo kalan						wt
1527665647784	Exposé suivant	yq	Kalansen nɔfɛta						wt
1529599765418	Expressions clés	jl 9	Kumaden jɔnjɔnw						
1529599765581	Fabriquer	jl 21	Dilan						
27783419514	Faiblesse (défaut)		Finyɛ						wt
1529599765333	Faiblesse	jl 1	Barikantanya						
1527665647710	Faire attention à son enseignement	yq	Ka janto mɔgɔw kalanni na						wt
1529599765605	Faire des offrandes	jl 24	Ka nili kɛ						
1527665647753	Faire notre maximum	yq	Ka seko bɛɛ kɛ						wt
27783419537	Faire usage de sa raison		K'a yɛrɛ hakili jagabo						wt
1528499809453	Faisons de Jéhovah notre confiance	wt	An k’an jigi la jehova kan	70					dp
1528499809483	Faisons preuve de sagesse dans le choix de nos fréquentations	wt	An ka hakili sɔrɔ tagamaɲɔgɔnw sugandili la	116					dp
1527665648018	Fait (de prédication)	yq	Wale						wt
27783419699	Fait marquant		Waleba						wt
-54217186340	Famille du béthel	jl 21	Betɛli ka denbayamɔgɔw						wt
1529599765509	Famille	jl 15	Denbaya						
27783419521	Famine spirituelle		Hakilimaya kongo						wt
1529599765352	Fausse croyance	jl 3	Ngalon lannako						
27783419654	Fausse religion		Ngalon diinan						wt
1527665647622	Faute grave	yq	Filiba						wt
27783419653	Faux dieux	jl 2	Ngalon alaw						wt
27783419485	Faux prophète		Cira ngalontigɛla						wt
27783419619	Ferme / Inébranlable		Lamagabali						wt
27783419515	Fête populaire		Foroba fɛtilon						wt
27783419702	Feuille d'invitation		Weelesɛbɛ						wt
27783419434	Fidèle intendant de la faveur imméritée de Dieu		Ala ka nɛɛma nilifɛn marabaga dannamɔgɔw						wt
1529599765506	Fidèle	jl 15	Kantigi						
27783419597	Fidélité indéfectible		Kantigiya lamagabali						wt
1529599765531	Fidélité	jl 17	Kantigiya						
1527665647972	Filiale	yq	Sosiyete ka biro		Tonbolo		Tɔnbolo biro		wt
1527665647786	Fils de la désobéissance	yq	Kan bilali denw						wt
1527665647601	Fils unique-engendré	yq	Dencɛ kelenpɛ bangelen						wt
27783419662	Fixer du regard		Ɲɛɛ jɔlen to						wt
27783419577	Fixer notre attention		Ka ɲɛɛ jɔ						wt
27783419539	Fixer notre esprit sur des pensées constructives		K'an nyɛɛ jolen to koo nafamanw kan						wt
27783419568	Fixer un jour		Ka loon kelen latigɛ						wt
27783419526	Fixe toi un objectif personnel		I k'i togola lanyinita latigɛ						wt
27783419610	Fluidité de l'expression		Kuma ka nɔgɔya a daa						wt
1527665647855	Foi naissante	yq	Lanaya kura						wt
1527665647852	Foi (sans)	yq	Lanabaliya						wt
1527665647854	Foi solide	yq	Lanaya barikaman						wt
1527665647853	Foi	yq	Lanaya						wt
27783419414	Fondé sur les Écritures		A basiginen be Bibulu kan						wt
27783419459	Force fournie		Barika dilen						wt
27783419511	Force irrésistible		Fanga barikama						wt
1529599765371	Force	jl 5	Barika						
27783419592	Formulaire		Kafolisɛbɛ						wt
27783419488	Frapper à une porte		Daa kɔkɔ						wt
1529599765442	Fraternité	jl 11	Balimaya						
1529599765382	Fréquentations	jl 6	Jɛnɲɔgɔnya						
1527665647550	Frère inactif	yq	Balima sumalen						wt
1529599765368	Frère	jl 5	Balimacɛ						
1527665647791	Frères chrétiens	yq	Kerecɛn balimaw						wt
1527665647846	Fronde / Lance-pierre	yq	Bɛrɛbonna						wt
27783419523	Fruit de l'esprit		Halkili senu deen						wt
1529599765508	Gagne pain	jl 15	Baloɲini barra						
1528499809519	Gardez constamment a l'esprit le « jour redoutable »	wt	A’ ye jatigɛlon to aw hakili la tuma bɛɛ!	153					dp
27783419477	Généalogie / Origine		Buruju						wt
27783419614	Génération		Kuru		Filankuru		Wagatikelenmɔgɔw		wt
1529599765521	Genre d'homme	jl 16	Mɔgɔ sifa						
1529599765470	Gens de la maison	jl 12	Somɔgɔw						
-53017885414	Gloire	bk	Nɔɔrɔ						wt
27783419575	Glorifier Dieu		Ka nɔɔrɔ la Ala kan						wt
1529599765424	Grace à	jl 10	Sababu						
1529599765446	Grande chose	jl 11	Fɛɛnba						
1527665647662	Grande foule	yq	Jamakuluba						wt
1527665647991	Grande tribulation	yq	Tɔɔrɔba						wt
27783419698	Graphique chronologique		Wagati jateminɛcogo jaa						wt
1529599765358	Grecque	jl 4	Grɛkikan						
1529599765493	Groupe	jl 14	Jɛnkulu						
1527665648010	Groupes de prédication	yq	Waajuliko jɛnkuluw						wt
1529599765569	Guide	jl 20	Ɲɛminɛ	n					wt n
-7054111008	Guider	bk	Ɲɛminɛ	v					wt v
1529599765362	Habitude	jl 4	Delinanko						
1529599765356	Hébreux	jl 4	Heburukan						
1529599765622	Histoires bibliques	jl 28	Bibulu ka maana						
-3743945078	Homme orgeuilleux		Kuncɛba						bambara marked unbouake wt
27783419480	Homosexualité		Cɛɲɔgɔnɲini ni musoɲɔgɔnɲini koo						wt
1529599765329	Honnête	jl 1	Hɔɔrɔnw						
27783419613	Idée annexe		Kunnafoni do						wt
27783419633	Idées indéniables		Miiriyaw, mɔgɔ te se k'u soso						wt
1529599765345	Idées non chrétiennes	jl 3	Kafiriyakow						
#Note ID	French	Source	Jula1	Note1	Jula2	Note2	Bambara	Note3	tags
27783419472	Idôlatrie		Boli batoli						wt
27783419533	Idôle		Joo		Boli		Batofɛn		wt
27783419464	Idoles sans vie		Batofɛnw ɲɛnaman tɛ						wt
27783419415	Il chérissait son fils		A dencɛ ko tun ka di a ye hali						wt
27783419421	Il croit en …	yq	A lanen be .. na						wt
27783419422	Il croyait en …	yq	A lanen tun be…na						wt
27783419638	Il dédaigna la comapgnie des méchants	yq	Mɔgɔ juguw ka jɛnɲɔgɔnya tun ka gwo a ye						wt
27783419696	Il est indispensable		Waajibi lo						wt
27783419420	Il était disposé		A labɛnnen tun lo ka ..						wt
27783419427	Il ne cherche pas ses propres intérêts		A t'a yɛrɛ nafa ɲini						wt
27783419428	Il ne les lisait jamais		A tun m'u kalan ka ye						wt
27783419423	Il n'est pas intéressé.		A m'a mako don.						wt
27783419424	Il nous a oublié		A ɲinɛna an kɔ						wt
27783419419	Il parle exclusivement de		A kɔnɔnakow bɛɛ be kuma						wt
27783419692	Ils pensent qu'ils ne sont pas qualifiés pour		U b'a miiri ko see t'u ye ka						wt
1527665647514	Il y a plus de 2000 ans	yq	A saan 2000 ni kɔ ye nin ye						wt
27783419471	Image (sens figuré)/Représentation		Bisigi						wt
1529599765359	Image / Support visuel	jl 4	Jaa		Foto				wt
3755525512	Imiter / Refléter	jl 17	Ladegi		Ladegi		Ladege		marked verbe wt
1527665647776	Immoralité	yq	Kakalaya						wt
1529599765500	Immuable	jl 15	Diyagoya						
1527665647592	Imperfection	yq	Dafabaliya						wt
27783419436	Impie		Ala lɔnbali						wt
27783419572	Inciter d'autres personnes		Ka mɔgɔ wɛrɛw lasun						wt
27783419548	Inculquer à vos enfants		Ka don aw deenw kuun na						wt
1527665647634	Inefficacité des gouvernements	yq	Gofɛrɛnɛman dɛsɛbagato						wt
1529599765338	Innocent	jl 2	Jalakibali						
27783419490	Inspirée de Dieu	yq	Dafiɲɛ fɛ (Ala...)						wt
1527665647532	Instruction spirituelle	yq	Alakow kalan						wt
1527665647967	Intendant	yq	Sokunnasigibaga						wt
4896872164	Interlocuteur	bk	Lamɛnbaga		Lamɛnnikɛla				wt
1529599765579	Internet	jl 21	Ɛntɛrɛnɛti						
1529599765393	Interview	jl 7	Fɛtaw						wt
403520813	Introduction	bk	Dadon kumaw						wt
27783419609	Intronisation du Christ	yq	Krista sigini masa sigilan kan						wt
-7052097941	Israëlites	bk	Israɛldenw						wt
1529244629190	Ivrognerie	yq	Dɔrɔtɔya				Dɔlɔtɔya		wt
1527665647898	J'ai ma propre religion	yq	Ne be diinan dɔ la ka ban						wt
27783419668	Jamais vu chose semblable		O koɲɔgɔn tun ma deli ka ye abada						wt
1529599765465	Jardin	jl 12	Zaradɛn						
1527665647671	Jéhovah a décrété que	yq	Jehova y'a latigɛ ko						wt
1527665647665	Jéhovah désire le meilleur de nous -mêmes	yq	Jehova be an seko fisaman lo fɛ						wt
1527665647860	Jéhovah est humble	yq	Majigilenya be Jehova la (Si sentiment, qualité, partie du corps : be … la)						wt
1528499809517	Jéhovah est « une hauteur sûre » pour son peuple	wt	Jehova ye a ka mɔgɔw ‘marabaga’ ye	151					dp
1528499809457	Jéhovah et Jésus Christ font-ils partie d'une trinité ?	wt	Yala jehova ni krista ye ala tigiya saba faan dw ye wa?	82					dp
1528499809468	Jéhovah : le Grand Créateur	wt	Jehova: danbagaba	101					dp
1527665647668	Jéhovah mérite d'être loué	yq	Jehova ka kan ni tandoli ye						wt
1527665647666	Jéhovah sera avec nous	yq	Jehova bena kɛ an fɛ						wt
27783419651	Je ne m'intéresse pas aux Témoins de Jéhovah	yq	Ne mako tɛ Jehova Seerew la						wt
1528499809506	Jesus Christ : le nouveau Chef de la terre	wt	Yezu krista ye jɔn lo ye tigitigi?	140					dp
1529599765510	Jeune	jl 16	Kanbele						
-11287133660	Joie	jl 11	Nagali						wt
27783419714	Journal intéressant		Zurunali, a kalan ka di						wt
1527665648036	Journée de périodiques	yq	Zurunaliw dilon						wt
27783419601	Jugement (lieu du)		Kiritigɛyɔrɔ						wt
27783419600	Juger avec justice		Kiri tigɛ cogo tilennin na						wt
27783419599	Juger		Kiri tigɛ ... kan						wt
19411687406	Juru sara	bk	Propitiation						wt
19411739780	Kisi	bk	Sauver						wt
1528499809518	La bataille d'Harmaguédon : pourquoi et quand ?	wt	Harmagedɔn kɛlɛ: mun na, ani tuma juman?	152					dp
1528499809496	La Bible enseigne-t-elle la Trinite ?	wt	Yala bibulu be kalan kɛ ko ala ye tigiya saba ye wa?	129					dp
1528499809540	La Bible : un livre digne de foi	wt	Mun lo b’a yira ko bibulu ye kitabu lakika ye?	175					dp
1528499809520	La domination humaine : l'heure du bilan	wt	Hadamadenw ka kuntigiya kɛcogo: a jateminɛ	154					dp
1527665647902	La fin de la fausse religion est proche	yq	Ngalon diinan laban ka surun						wt
1529599765431	L'age	jl 10	Sanda						
1528499809478	La guérison des nations et ses effets	wt	Siyaw ka kɛnɛyali ani a nɔfɛ koow	111					dp
27783419536	Laisser la Parole de Dieu les pousser à l'action	yq	K'a to Ala ka Kuma ka u lasun						wt
1528499809467	L'amitié véritable avec Dieu et avec le prochain	wt	Teriya sɔbɛ an ni ala cɛ, ani an ni an mɔgɔɲɔgɔn cɛ	100					dp
1528499809549	La mort est-elle la fin de tout ?	wt	Yala saya ye koo bɛɛ banni lo ye wa?	184					dp
1529599765324	L'amour	jl	Kanuya						
1528499809455	L'amour : marque distinctive de la vraie congregation chretienne	wt	Kanuya: kerecɛn sɔbɛw ka kafo be lɔn o lo fɛ	72					dp
1529599765488	Langue	jl 14	Kaan						
1528499809541	La paix et la sécurité véritables : quand ?	wt	Hɛɛrɛ ni lafiya sɔbɛ: o bena sɔrɔ tuma juman?	176					dp
1528499809489	La paix universelle : d'ou viendra-t-elle ?	wt	Hɛɛrɛ, duniɲa kuru bɛɛ kɔnɔ: o bena bɔ min?	122					dp
20017576005	La paque juive	bk	Yahutuw ka tɛmɛnkan seli						wt
1529599765462	La plage	jl 12	Kɔgɔjida						
1528499809555	La promesse d'un bonheur familial parfait	wt	Layidu: hɛɛrɛ dafanin koo la denbaya kɔnɔ	190					dp
1528499809505	La sagesse divine dans un monde épris de science	wt	Ala ka hakilitigiya duniɲa kɔnɔ, lɔnnikow ye min kuun minɛ	139					dp
1528499809497	La terre subsistera pour toujours	wt	Dugukolo bena to yen fɔɔ abada	130					dp
1529599765407	Latigɛ	jl 9	Latigɛ						
1529599765589	La venue	jl 22	Nali						
1528499809550	La verite influence-t-elle votre vie ?	wt	Tiɲɛn be nɔɔ juman to aw kan?	185					dp
1528499809499	La victoire sur la mort grâce à la résurrection	wt	Suu kununni: see sɔrɔli lo saya kan!	132					dp
1529599765537	L'eau à boire	jl 18	Jii minta						
1528499809501	Le caractère sacré de la vie et du sang	wt	Ɲɛnamaya ni joli ka senumanya	135					dp
27783419594	Leçon importante		Kalan nafaman						wt
-44178618673	Lecture de la bible	bk	Bibulu kalangwɛ						wt
27783419627	Lecture hebdomadaire de la bible		Logokun kono ka bibulu kalangwɛ						wt
1529599765391	Lecture	jl 7	Kalangwɛ						
27783419555	Lecture publique		Ka kalan gwɛ kɛ jama ɲɛ na						wt
1528499809498	Le Diable existe-t-il vraiment ?	wt	Yala sitanɛ be yen tiɲɛn na wa?	131					dp
1528499809522	Le jour du jugement : un jour de terreur ou desespoir ?	wt	Kiti loon: jatigɛ loon lo wala jigiya loon lo?	156					dp
1528499809539	Le monde nouveau promis par Dieu : qui y sera admis ?	wt	Ala ka duniɲa kura: jɔn lo bena don yen?	174					dp
1528499809495	L'enfer est-il réellement un lieu de flammes et de tourments ?	wt	Yala jahanama ye tasuma ni tɔɔrɔ yɔrɔ ye tiɲɛn na wa?	128					dp
1527665648009	Le numéro de carte de territoire	yq	Waajulikɛyɔrɔ karti ka nimɔrɔ						wt
1529599765546	Le Père de toute consolation	jl 18	Dusu saaloli bɛɛ tigi						
27783419612	Lépreux		Kunatɔ						wt
1527665647570	Le récit inspiré nous apprend que	yq	Bibulu ka lakalita b'a fɔ an ye ko						wt
1528499809476	Le Royaume de Dieu est proche	wt	Ala ka masaya surunyana	109					dp
27783419598	Les armées mirent le siège sur Jérusalem		Kɛlɛbolow ye daga sigi Jerusalem daa la						wt
27783419694	Les attaquer par surprise		U taga cun u kan						wt
1528499809500	Les chretiens doivent-ils observer le sabbat ?	wt	Yala kerecɛnw ka kan ka lafiɲɛlon labato wa?	134					dp
1528499809486	Les chrétiens se tiennent séparés du monde : Pourquoi est-ce bénéfique ?	wt	Kerecɛnw b’u yɛrɛw faran ka bɔ duniɲa ka koow la: mun nafa b’a la?	119					dp
27783419690	Le seul vrai Dieu	yq	Tiɲɛn Ala kelenpe						wt
1528499809503	Les miracles de la Bible ont-ils vraiment eu lieu ?	wt	Bibulu be kabako minw kofɔ, yala u kɛra tiɲɛn na wa?	137					dp
1529599765530	Les nouveaux	jl 17	Mɔgɔ kuraw						
1528499809523	Les vrais chrétiens parent 'enseignement divin	wt	Kerecɛn lakikaw be ala ka kalan cɛɲumanya yira cogo min na	157					dp
1529599765564	Lettre	jl 20	Lɛtɛrɛw						
20017822377	Levure	bk	Funufen						wt
1528499809521	L'heure du jugement de Babylone est-elle arrivée ?	wt	Yala babylɔnɛ kiti wagati sera wa?	155					dp
1528499809458	L'heure du jugement de la religion est arrivée	wt	Diinan kiti wagati sera	83					dp
1528499809507	L'humanité gémit : jusqu'à quand ?	wt	Hadamadenya be ¿unanna: o ¿unan bena ban tuma juman?	141					dp
1529599765363	Lieu de culte	jl 5	Alabatoyɔrɔ						
1529599765570	Lieu de travail	jl 21	Baarakɛbonw						
1527665647845	Lieux de culte	yq	Lajɛn kɛyɔrɔw						wt
1529599765461	Lieux public	jl 12	Foroba yɔrɔw						
1529599765598	Localités	jl 23	Bɔyɔrɔw						
-26811574427	Lois principes	bk	Cifɔni						wt
1527665647537	Lors de la préparation d'un exposé	yq	An ka kalan labɛnto						wt
1527665647844	Lors de la réunion	yq	Lajɛn kɛto						wt
1527665647594	Lors de l'examen du paragraphe	yq	Dakun lajɛtɔ						wt
1529599765406	Louange	jl 8	Tanuli						
27783419553	Louer Jéhovah publiquement		Ka Jehova tando bɛɛ nyɛ na						wt
1529599765405	Louer	jl 8	Tanu						
1527665647799	Lumière brillante (vérité)	yq	Kɛnɛyeelen						wt
1529599765620	Lumière	jl 28	Yeelen						
1529599765582	Machine à écrire	jl 21	Sɛbɛrikɛmansin						
27783419683	Maintenant que tu as grandi		Sisan, komi i kɔrɔbayara						wt
3656197437	Maitrise de soi	bk	Yɛrɛminɛli						wt
27783419605	Malgré l'opposition		Koroboli bɛɛ n'a ta						wt
27783419466	Maltraitence des animaux		Bɛgɛnw nintoro						wt
1529599765394	Manière de s'habiller	jl 8	Fani doncogo						
1527665647867	Manière	jl 11	Wale		Cogoya				wt
27783419626	Manque de foi		Limaniyabaliya						wt
27783419517	Manuel d'étude		Gafe kalanta						wt
1529599765355	Manuscrits	jl 4	Bibulu bololasɛbɛni						
27783419622	Maraige coutumier		Landa furu						wt
1528499809554	Marcher avec Dieu procure des bienfaits, maintenant et pour toujours	wt	Minw be tagama ni ala ye, u be duga sɔrɔ a la sisan yɛrɛ ani fɔɔ abada	189					dp
1528499809543	Marchez dans la voie de l'intégrité	wt	An ka kantigiya sira tagama	178					dp
1528499809515	Marchez-vous avec Dieu ?	wt	Yala aw be tagamana ni ala ye wa?	149					dp
1528499809557	Marchez-vous sur la route qui mène à la vie éternelle ?	wt	Yala i be ɲɛnamaya banbali sira kan wa?	192					dp
1529599765428	Mari	jl 10	Furucɛ						
27783419648	Matérialiste		Nafolo kanuya b'a la						wt
27783419474	Matériel (sur le plan)		Bololafɛn						wt
27783419532	Mauvaise compagnie		Jɛnɲɔgɔn jugu						wt
1527665647772	Membre de la congrégation	jl 15	Kafoden						wt
1529599765387	Membres de la congrégation	jl 7	Kafo denw						
1529599765422	Membres de la famille	jl 10	Denbayamɔgɔw						
1527665647884	Membres du service accueil	yq	mɔgɔ kunbɛnbagaw						wt
1527665647647	Même lorsque la situation semble désespérée	yq	Hali ni koow be i n'a fɔ jigisɛmɛ yɔrɔ tɛ yen						wt
20017511166	Mémorial de la mort de christ	bk	Krista ka saya hakilijigi lajɛn						wt
1527665647746	Mener une vie simple	yq	Ka ɲɛnamaya kɛ cogo nɔgɔman na						wt
1529599765343	Menteur	jl 3	Ngalontigɛla						
27783419606	Mer Rouge		Kɔgɔji Wulen						wt
1527665647523	Merveilleuses promesses divines	yq	Ala ka layidu cɛnyumanbaw koo						wt
27783419484	Message capital		Cira kɔrɔtalen						wt
1529599765473	Message d'espoir	jl 12	Jigiya kuma						
1527665647586	Message impopulaire	yq	Cira min tun man di mɔgɔw ye						wt
27783419483	Message / Prophète		Cira						wt
27783419486	Messager		Ciraden						wt
4894740815	Messie	bk	Masiya						wt
27783419687	Métaphore		Tagamasinyɛ						wt
27783419513	Méthode / moyen		Fɛɛrɛ	n					wt
27783419710	Méthode souple		Yiracogo magaman		Yiracogo nogoman				wt
27783419585	Mettre en évidence		Ka sinsin… kan		Yira ka gwɛ				wt
27783419583	Mettre en valeur		Ka sin k'a yira						wt
1527665647866	Ministère du royaume	yq	Masaya cidenyabaara						wt
1527665648005	Ministère (prédication)	yq	Waajulibaara						wt
1527665647792	Ministre chrétien	yq	Kerecɛn ciden						wt
-53018186881	Miracle	bk	Kabako						wt
27783419635	Modèle		Mɔdɛli						wt
27783419611	Modulation		Kumakan yɛlɛma-yɛlɛma						wt
27783419442	Moisson spirituelle		Alako sumatigɛ						wt
1529599765552	Moment opportun	jl 19	Wagati latigɛlen na						
1529599765436	Moment propice	jl 10	Wagati kɛrɛnkɛrɛnnin						
1529599765448	Moments difficiles	jl 11	Wagati gwɛlɛw						
1527665647529	Monde impie	yq	Ala ɲɛsiranbali duniɲa						wt
1529599765444	Monde	jl 11	Duniɲa		Diɲɛ				wt
1529599765322	Monde nouveau	jl	Dugukolo kuru						
27783419476	Montants des portes		Bonda yiri						wt
27783419590	Montrer sa reconnaissance		Ka walenyumanlon yira						wt
1528499809559	Montrons Notre Reconnaissance Pour Ce Que Christ A Fait Pour Nous	wt	Krista ye min kɛ aw ye, aw k’a waleɲuman lɔn o kɔsɔn!						dp
1529599765610	Motiver	jl 24	Lasun						
1529599765403	Moulant	jl 8	Ferekenin						
1529599765497	Mûre	jl 15	Kɔgɔnin						
27783419667	Murmure		Ŋunuŋunukan						wt
27783419666	Murmurer		Ŋunuŋunu		Dajukɔrɔ kuma fɔ				wt
1528499809475	Ne craignons pas l'avenir	wt	An kana siran sini koow ɲɛ	108					dp
1527665647862	Ne doit pas durer plus de	yq	Man kan ka mɛɛn ka tɛmɛ … kan						wt
27783419453	N'en concluez pas trop rapidement		An kana koroto k'a miiri ko						wt
1527665647516	Ne pas indisposer les gens inutilement	yq	A tɛ mɔgɔ kɔnɔ gwan gwansan						wt
1527665647652	Ne pas s'écarter des lois	yq	I kana mabɔ sariyaw la						wt
1527665647544	Ne pas se focaliser sur nous-mêmes	yq	An man kan ka hakili sigi an ka jɔrɔ an yɛrɛ koo la						wt
27783419569	Nettoyer et entretenir la Salle du Royaume	yq	Ka Masaya Boon saniya ani k'a ladon						wt
1527665647515	Neutralité	yq	A te sen don politiki ko la						wt
27783419457	Ne vous en remettez pas au hasard		Aw kana miiri ko koow bena kɛ u yɛrɛ ye						wt
1529599765614	Nombre de congrégations	jl 25	Kafow hakɛ						
27783419492	Nombre de paragraphes		Dakun hakɛ						wt
1527665647650	Noter les points qui s'appliquent à toi	yq	I ka hakilinataw sɛbɛ, minw ɲɛsinna i ma						wt
1527665647539	Notre foi augmente	yq	An ka lanaya de dunya						wt
27783419454	Notre glorieux Père céleste		An sankolola Faa cyɛnyumanba						wt
1527665647536	Notre tenue bien arrangée	yq	An ka fani doncogo ɲuman						wt
1527665647686	Nourrir le cœur	yq	K'an dusukun balo						wt
1529599765435	Nourriture	jl 10	Dumunifɛn						
1527665647756	Nous affiner	yq	Ka soon kolon bo an na						wt
1527665647687	Nous inciter	yq	K'an lasun						wt
27783419542	Nous observons leur environnement		K'u laminikow kɔrɔsi						wt
1527665647534	Nous oublions tout le temps	yq	An be ɲinɛ tuma o tuma						wt
1527665647533	Nous savons parfaitement que	yq	An b'a lɔn ka gwɛ ko						wt
1527665647542	Nous sommes bien informés	yq	An kalannin lo kosɔbɛ						wt
27783419695	Nouvelle visite		Viziti kura						wt
27783419672	Nuée		Sankaba						wt
1529599765609	Obéir à Jéhovah	jl 24	Ka jehova bonya						
27783419435	Obéissance à Dieu		Ala kanminɛli						wt
27783419603	Obéissance		Kololi						wt
27783419623	Objectif		Lanyinita		Laɲinita				wt
1527665647653	Objectif personnel	yq	I togola lanyinita						wt
27783419685	Objection / Dispute		Sɔsɔli		Kuma tigbaga				wt
1529599765555	Objets matériels	jl 19	Bololafɛnw						
27783419607	Observateur		Kɔlɔsili kɛbaga						wt
1527665647620	Oeuvres de la chair	yq	Farisogo ka kɛwali						wt
27783419636	Offenser		Mɔgɔ gasi tiɲɛn		Baga mɔgɔ ma				wt
1527665648028	Offrande de soi	yq	Yɛrɛkundili						wt
1527665647905	Offrande	jl 24	Jaka minɛ						wt
1527665647742	Offrandes en faveur de l'œuvre mondiale	yq	Ka nili kɛ duniɲa kuru bɛɛ kama						wt
1527665647873	Offre du mois	yq	Min be di kalo la						wt
27783419643	Oints (chrétiens)		Mɔnlenw						wt
1528499809470	On peut trouver la joie en servant Dieu	wt	Aw be se ka ɲagali sɔrɔ ala ka baara la	103					dp
1527665647778	Orateur	yq	Kalan kɛbaga		Forobakalan dibaga				wt
1529599765331	Ordinaire	jl 1	Gwansan						
1529599765600	Ordinateur	jl 23	Ɔrdinatɛriw						
1527665647841	Organisation	jl 19	Ɔriganisasiyɔn		Ɔriganisasiyɔn				wt
-55856535132	Originel		Kɔrɔba						marked wt
27783419581	Oublier Jéhovah		Ka ɲinɛ Jehova kɔ						wt
1528499809542	Ou trouver de l'aide dans les temps de détresse ?	wt	I be se ka dm sr min tr wagati la?	177					dp
27783419591	Paganisme / Païenne	jl	Kafiriya						wt
1529599765538	Pagnes/habits	jl 18	Faniw						
2217883563	Païen	bk	Kafiri						wt
1529599765320	Paix éternelle	jl	Hɛɛrɛ banbali						
1529599765377	Paix	jl 6	Hɛɛrɛ						
27783419659	Parabole		Ntalen						wt
-55856535180	Paradis	jl	Alijɛnɛ		Alijɛnɛ				wt
1529599765417	Paragraphe	jl 9	Dakun						
27783419452	Parcourons entièrement le territoire		An ka waajuli kɛ  kiin kɔnɔ k'a dafa						wt
1528499809471	Parents, bâtissez-vous avec des matériaux à l'épreuve du feu ?	wt	Bangebagaw, yala aw be lɔli kɛ ni minanw ye tasuma tɛ se ka minw jeni wa?	104					dp
1529599765429	Parents	jl 10	Bangebagaw						
27783419556	Parler au naturel		Ka kalan kɛ u yɛrɛ kuma cogo la						wt
27783419560	Parler de façon positive		Ka kuma ɲuman fɔ						wt
1527665647694	Parler d'un sujet d'intérêt local	yq	Ka baro dabo kiin kono koo do kan						wt
1529599765560	Parole de Dieu	jl 20	Ala ka kuma						
27783419547	Partager avec d'autres		Ka do bo aw bolo fɛnw la ka o di						wt
1528499809459	Partagerons-nous le sort du monde ?	wt	Koo min bena dunia nin sr, yala aw bena kisi o ma wa?	84					dp
1529599765388	Participer à la discussion	jl 7	Daa don baro la						
1527665647752	Participer à une forme du ministère	yq	Ka seen don cidenya baara faan dɔ la						wt
1527665647546	Pas coupable d'une dette de sang	yq	An tɛ mɔgɔ joli hakɛ ta						wt
1527665647931	Pas le moment de flâner	yq	O tɛ saliya wagati ye						wt
1529599765349	Passage de la bible	jl 3	Bibulusen						
1527665647729	Pause appropriée	yq	Ka kuma ka lɔ cogo bɛnnen na						wt
1527665647762	Payer les frais de transport	yq	Ka taransipɔri musakaw sara						wt
27783419674	Payer / Récompenser	kodi	Sara						wt
1529599765481	Pays	jl 14	Jamana						
1529599765483	Pécheur	jl 14	Jurumutɔ						
27783419437	Pécheurs impies		Ala ɲɛsiranbali jurumutɔw						wt
27783419479	Pédophilie		Cɛnimusoya kɛ ni denfitiniw ye						wt
27783419628	Pendant un jour entier		Loon kelen kuru bɛɛ						wt
27783419522	Pensée essentielle / Point principal	yq	Hakilinata jonjon		hakilinata kunbaba				wt
1529599765408	Pensée	jl 9	Hakili						
1529599765414	Pensées clés	jl 9	Hakilinata						
1529599765361	Pensées de Dieu	jl 4	Ala ka miiriyaw						
1529599765416	Pensées importantes	jl 9	Miiriya jɔnjɔnw						
27783419440	Pensée spirituelle		Alako miiriya						wt
1529599765378	Penser	jl 6	Miiri						
27783419570	Penser que les morts sont conscients		Ka miiri ko mɔgɔ salenw be koow kala ma						wt
1529599765319	Père céleste	jl	Sankolo Faa		Sankolola faa				
27783419673	Père céleste plein d'amour		Sankolola Faa kanutigi						wt
27783419639	Personne cultivée		mɔgɔ kalannen						wt
27783419641	Personne d'une origine différente		Mɔgɔ min bɔyɔrɔ tɛ kelen ye						wt
27783419640	Personne inexpérimentée		Mɔgɔ ko lɔnbali						wt
1529599765606	Personne riche	jl 24	Nafolotigiw						
1529599765524	Personnes âgées	jl 17	Mɔgɔkɔrɔbaw						
27783419637	Personnes sans instruction		Mɔgɔ gwansan kalanbaliw						wt
1527665647942	Petit troupeau	yq	Sagakulunin						wt
1529599765566	Peuple de Dieu	jl 20	Ala ka jama						
1527665647660	Peuple élu	yq	Jama sugandilen						wt
1527665647887	Peuple particulier	yq	Mɔgɔ ɲɛnatɔmɔnin						wt
27783419510	Pharaon		Faharuna						wt
1527665647933	Pionnier auxiliaire	jl 13	Piyɔniye kɔrɔsigi						wt
-54217186338	Pionnier	jl 13	Piyɔniye						wt
1527665647829	Pionnier permanent	jl 13	Kudayi Piyoniye						wt
1527665647598	Pionnier spécial	jl 13	Dan na piyɔniye						wt
27783419534	Pire ennemi		Juguba						wt
1528499809553	Placez-vous votre confiance en Jéhovah ?	wt	Yala aw jigi lanin be jehova lo kan wa?	188					dp
27783419540	Plein d'égards		K'i janto mɔgɔ la						wt
1529599765413	Points clés	jl 9	Yɔrɔ jɔnjɔnw						
1527665647553	Points faibles du pays	yq	Barika tɛ jamana yɔrɔ minw na						wt
1527665647555	Points faibles	yq	Barikantanyakow						wt
1527665647554	Points forts	yq	Barikamakow						wt
1529599765529	Populaire (notoriété)	jl 17	Ka sanga sɔrɔ						
1529599765410	Portable	jl 9	Selilɛri						
1527665647590	Porte en porte	yq	Da ni da la						wt
27783419671	Possibilité unique		Sababuba						wt
1527665647637	Poteau de supplice	yq	Gwengwe yiri						wt
27783419701	Pour ajouter du poids à nos paroles		Walisa ka sinsin an ka kumaw kan						wt
1528499809466	Pourquoi avoir confiance en la Bible	wt	Fɛɛn min kama an be se k’an jigi la bibulu kan	99					dp
1528499809529	Pourquoi craindre le vrai Dieu ?	wt	Mun na an ka ɲi ka siran tiɲɛn ala ɲɛ?	163					dp
1528499809545	Pourquoi croire en la résurrection ?	wt	Sukununi: mun na o ka kan ka kɛ jigiya sɔbɛ ye aw fɛ?	180					dp
1528499809527	Pourquoi Jésus a-t-il souffert ? Pourquoi est-il mort ?	wt	Mun na yesu tɔɔrɔla ka sa?	161					dp
1528499809490	Pourquoi les chretiens doivent être différents	wt	Mun na kerecɛnw ka kan ka kɛ daan na?	123					dp
1528499809492	Pourquoi l'humanite a-t-elle besoin d'une rançon ?	wt	Mun na hadamadenya mako be kunmabɔsara la	125					dp
1528499809534	Pourquoi se laisser guider par la Bible ?	wt	Mun na an ka ɲi k’a to bibulu b’an ɲɛminɛ?	169					dp
1528499809508	Pourquoi se réfugier en Jéhovah	wt	Mun na an ka ɲi ka jehova kɛ an ka kalifayɔrɔ ye?	142					dp
1528499809487	Pourquoi se soumettre dès maintenant à la domination de Dieu	wt	Mun na an ka ɲi ka kolo ala ka kuntigiya ye kabini sisan	120					dp
1527665647891	Pourquoi tolère-t-il autant de souffrances ?	yq	Mun na a b'a to tɔɔrɔ be caya ten ?						wt
1528499809552	Pourquoi un Dieu d'amour permet-il la méchanceté ?	wt	Mun na kanutigi ala b’a to tɔɔrɔw be kɛ?	187					dp
1528499809463	Pourquoi vivre en accord avec les principes de la Bible ?	wt	Mun na an ka ɲi ka ɲɛnamaya kɛ ka kɛɲɛ ni bibulu ka sariyaw ye?	88					dp
27783419576	Pousser des cris de joie		Ka nyagalikan bo						wt
1527665647765	Prêcher librement	yq	Ka waajuli kɛ ɲɛsuma na						wt
1527665648016	Prêcher	yq	Wajuli kɛ		Waju				wt
1529599765476	Prédicateur à plein temps	jl 13	Kudayi waajulikɛla						
1529599765583	Prédication de la bonne nouvelle	jl 21	Kibaro diiman waajuli baara						
1529599765452	Prédication	jl 12	Waajuli baara						
1527665647980	Premier contact	yq	Tɛmɛko fɔlɔ						wt
1529599765344	Premiers chrétiens	jl 3	Kerencɛn fɔlɔw						
1529599765562	Premier siècle	jl 20	Saan kɛmɛkulu fɔlɔ						
27783419563	Prendre des dispositions précises		Ka labɛn kɛ ka gwɛ						wt
27783419565	Prendre la meilleure décision		Ka latigɛli fisaman kɛ						wt
27783419545	Prendre l'initiative		Ka bɔ i yɛrɛ la						wt
1527665647754	Prendre note succinctement	yq	Ka sɛbɛ ka surunya						wt
27783419688	Prendre plaisir		Timinandiya						wt
27783419588	Prendre position pour Jéhovah		Ka tugu Jehova kɔ						wt
27783419564	Prendre rendez-vous		Ka labɛn kɛ ka segi ka na						wt
1529599765604	Prendre soin de	jl 24	Ladon						
1529599765499	Prendre soin	jl 15	Mara						
1529599765590	Préparatifs de l'assemblée	jl 22	Lajɛnbaw labɛn						
1527665647886	Préposé à l'accueil	yq	Mɔgɔ kunbɛnbaga						wt
1527665647630	Préposé aux publications	yq	Gafekow ɲɛnabobaga						wt
1527665647551	Préposé aux territoires	yq	Balimancɛ  min be kiin koow  ɲɛnabɔ						wt
27783419709	Présence de Jésus		Yɛsu be yan wagati						wt
-18949454284	Présentation	bk	Yiracogo						wt
27783419518	Présentation simple		Gafe yiracogo nɔgɔman						wt
1528499809526	Préservez votre identité chrétienne !	wt	An k’an ka kerecɛnya jogo tanga!	160					dp
1527665647918	Président (d'une réunion)	yq	Ɲɛminɛbaga		Barokuntigi		Kalankɛla ɲɛbila		wt
1529599765498	Présider une congrégation	jl 15	Kafo ɲɛminɛ						
27783419656	Presque tout le monde apprécie		Ni mɔgɔ kelen-kelen tɛ , a ka di bɛɛ ye ka						wt
1529599765578	Pression	jl 21	Ɲɛɛ gwannin						
1528499809469	Prestons attention a la parole prophetique	wt	An k’an janto kiraya kuma na	102					dp
-27013963802	Prêtre	bk	Sarakalasebaga						wt
1527665647831	Prière de conclusion	yq	Kuncɛli delili						wt
1529599765384	Prière	jl 7	Delili						
27783419675	Principe élevé		Sariyakolo kɔrɔtalen						wt
1529599765327	Principes bibliques	jl 1	Bibulu ka sariyaw						
27783419624	Priorité		Laɲinita fɔlɔ						wt
27783419652	Privilège		Nɛɛma						wt
1529599765372	Prochaine réunion	jl 5	Lajɛn nata						
27783419704	Proclamateur expérimenté		Weleweledala kolɔnbaga						wt
-18714818564	Proclamateur	jl 13	Weleweledala		Wajulikɛla				wt
1527665648023	Proclamateur moins expérimenté	yq	Weleweledala kura						wt
27783419703	Proclamer		Weleweleda						wt
27783419546	Productif		Ka den koɲuman						wt
27783419670	Programme		Porogramu						wt
27783419664	Progrès (faire)		Ɲɛtaga kɛ						wt
1529599765528	Progrès	jl 17	Ɲɛtaga						
27783419663	Progrès sensibles (notables)		Ɲɛtaga bɛrɛ kɛ						wt
27783419625	Progresser (faire)		Lataga ɲɛ						wt
1529599765557	Progresser	jl 19	Yiriwa						
1529599765445	Progresser spirituellement	jl 11	Ka taga ɲɛ Alako ta fan fɛ						
1527665647549	Prophète de malheur	yq	Balawo kibaro weleweledala						wt
1527665647587	Prophétie	jl 7	Kiraya kuma		Cirakuma				wt
1527665647635	Propos confidentiels	yq	Gundo kumaw						wt
27783419642	Protecteur		mɔgɔ tangabaga						wt
1529599765504	Protéger	jl 15	Tanga						
1529599765397	Provoquer	jl 8	Darabɔ						
1527665648033	Psalmiste	yq	Zaburu sɛbɛbaga						wt
1527665647782	Publications d'étude	yq	Kalankɛ  gafew						wt
1529599765515	Publications	jl 16	Gafew						
1527665647629	Publication	yq	Gafe						wt
1527665647613	Puissance mondiale	yq	Duniɲa ka jamana fangatigi						wt
2477044405	Puissant	bk	Sebagaya						wt
1529599765463	Puits	jl 12	Kɔlɔnda						
-4123020142	Punir		Ɲangi						unbouake verbe wt
27783419645	Quand c'est approprié		N'a bɛnnen be						wt
1527665648004	Quand nous prêchons	yq	Waajuli kɛto						wt
1527665647895	Quand nous sommes occupés dans le service	yq	N'an bolo degunnen be Alakow la						wt
27783419647	Quand tu seras grand		N'i kɔrɔbayara						wt
27783419646	Quand vous reviendrez		N'an segira ka na						wt
-27410134907	Que jehovah te bénisse	bk	Jéhovah ye i ɲuman don						wt
1528499809537	Quelle réputation avez-vous aupres de Dieu ?	wt	Aw ka lɔyɔrɔ ye juman ye ala ɲɛɛ kɔrɔ?	172					dp
1528499809462	Quelles relations entretenons-nous avec Dieu ?	wt	Jɛnɲɔgɔnya juman be aw ni ala cɛ?	87					dp
27783419491	Quelques paragraphes		Dakun damanin dɔw						wt
1528499809494	Que se passe-t-il quand on meurt ?	wt	Mun lo be kɛ n’an sara?	127					dp
1527665647890	Qu'est-ce que cela requiert de nous?	yq	Mun lo ɲininen be an fɛ do ?						wt
1529599765366	Question	jl 5	Ɲinigali						
1527665647921	Question subsidiaire	yq	Ɲiningali wɛrɛ						wt
1527665647874	Qui convienne	yq	Min dagalen be						wt
1527665647881	Qui correspondent le mieux à leurs besoins	yq	Minw be u makow ɲɛ cogo fisaman na						wt
1527665647877	Qui correspond	yq	Min nyɛsinna						wt
1528499809511	Qui est comme Jéhovah notre Dieu ?	wt	Jɔn be i ko jehova, an ka ala?	145					dp
1527665647508	Qui est en droit de …	yq	A dagalen be jon ka …						wt
1527665647879	Qui est excentrique	yq	Min waganen lo kojugu						wt
1527665647878	Qui est indécent	yq	Min tɛ mɔgɔ sutara						wt
1528499809535	Qui est qualifié pour diriger l'humanité ?	wt	See be jɔn lo ye ka hadamadenw mara?	170					dp
1528499809456	Qui est qualifié pour être ministre de Dieu ?	wt	Jɔn lo ka koow dafara ka kɛ ala ka ciden ye?	81					dp marked
1527665647875	Qui mérite toute notre attention	yq	Min ka kan ka ta sɔbɛ la						wt
1528499809493	Qui sera sauvé ?	wt	Jɔn lo be se ka kisi?	126					dp
1529599765409	Radio	jl 9	Arajo						
27783419550	Raisonner habilement à partir des Écritures	yq	Ka hakilijagabɔ koɲuman Bibulusenw kan						wt
1528499809491	Raisons de croire que Dieu est l'Auteur de la Bible	wt	Dalilu minw b’a yira ko ala lo ye bibulu tigi ye	124					dp
-53018679285	Rançon	bk	Kunmabɔsara						wt
1527665647518	Rappelez aux proclamateurs	yq	A' ye weleweledalaw hakili jigi						wt
1527665647937	Rapport	yq	Rapoori						wt
1529599765548	Rassurer	jl 18	Jigi sigi						
1529244629191	Réalité	yq	Ciɲɛ						wt
27783419458	Récompense merveilleuse		Barajiba						wt
1529599765364	Réconfort	jl 5	Dususalo						
27783419502	Recueil de cantiques		Donkili gafe						wt
27783419503	Réduire, Manquer de respect à		Dɔgɔ						wt
27783419571	Réfléchir sérieusement à tout ce qu'il contient		Ka miiri kosɔbɛ a kɔnnakow bɛɛ kan						wt
1527665647693	Refuser une transfusion de sang	yq	Ka ban ka joli don an fari la						wt
27783419559	Regarder le côté positif de la situation		Ka koow jate ni nyɛɛ nyuman ye						wt
27783419467	Règlement des différents		Bɛnbaliyaw ɲɛnabɔko						wt
1528499809544	Rejetez les illusions du monde; poursuivez les réalités du Royaume	wt	An ka ban duniɲa ka lafililikow ma ani an ka tugu masaya ka tiɲɛnkow kɔ	179					dp
27783419543	Remercier Dieu		Ka barika la Ala ye		Ka Ala fo				wt
1529599765459	Remplir la mission	jl 12	Cii dafa						
1529599765458	Rendre visite à quelqu'un	jl 12	Ka taga bɔ mɔgɔw ye						
27783419494	Reniement		Dalacɛli						wt
27783419493	Renier		Dalacɛ						wt
1529599765618	Renouvellement	jl 25	Lakurayali						
1529599765617	Renouveller	jl 25	Lakuraya						
1529599765603	Répandre	jl 24	Jɛnsen						
1529599765544	Réparer	jl 18	Lalaga						
1527665647870	Repas du seigneur	yq	Matigi ka surafana seli						wt
1529599765487	Repas	jl 14	Dumuni						
1529599765577	Repasser	jl 21	Pase						
1527665647909	Repentance	yq	Nimisali						wt
1527665647908	Repentir (se)	yq	Nimisa fɛn la						wt
1527665647744	Repentir sincère	yq	Ka nimisa sɔbɛ la						wt
27783419561	Répondre à une objection		Ka kuma tigɛbaga ka sɔsɔli jaabi						wt
1527665647708	Réponse claire	yq	Ka jaabili soro min gwɛnen be						wt
1527665647656	Réponse imprimée	yq	Jaabili sɛbɛnen						wt
1529599765365	Réponse	jl 5	Jaabili						
27783419544	Reporter le baptême à plus tard		Ka batɛmi bila wagati wɛrɛ kan		Ka batɛmi segi kɔ		Ka batɛmi bila ka suma		wt
-7054004510	Représentant de dieu	bk	Ala ka lasigidenw						wt
1529599765587	Représentant	jl 22	Lasigiden						
27783419681	Réservation des sièges		Sigiyɔrɔ marali						wt
1527665647766	Réserver du temps	yq	Ka wagati latigɛ						wt
1527665647689	Résister aux tentations	yq	K'an yɛrɛ lafasa kɔrɔbɔliw ma						wt
1529599765395	Respect de dieu	jl 8	Ala ka bonya						
1527665647692	Respecter les normes divines	yq	Ka Ala ka siraw labato						wt
27783419554	Resserrer ses liens avec Jéhovah		Ka jɛnɲɔgɔya teriman yiriwa ile ni Ala cɛ						wt
-55856535126	Ressussiter	bk	Lakunun						wt
1527665647723	Rester équilibré	yq	Ka koo kɛ k'a dama kɛnyɛ						wt
27783419527	Restons proches de l'organisation de Jéhovah		I ka to Jehova ka jɛnkulu kɔrɔ						wt
3846098296	Résumé (raccourci)		Lasurunyanin						marked wt
27783419589	Résumer brièvement les textes longs		Ka vɛrise janw kofo ka surunya						wt
-53018531254	Résurrection	bk	Sukununi		Suu kununi				wt
1527665647996	Retrait volontaire	yq	U yɛrɛ mabɔ kafo la						wt
-11085274429	Réunion	bk	Lajɛn						
1527665647796	Réunion chrétienne	yq	Kerecɛnya lajɛn						wt
1527665648011	Réunion de service	yq	Waajuliko lajɛn						wt
1527665647919	Réunion récréative	yq	Ɲɛnagɛw lajɛn		Tulonkɛ lajɛn		Ɲɛnagɛw ɲɔgɔnye		wt
1529599765527	Réunions et assemblées	jl 17	Lajɛnw ni lajɛnbaw						
1527665647691	Revêtir un corps humain	yq	Ka adamaden cogoya ta						wt
-4434272399	Révision	jl 9	Segikanni						wt
1527665647595	Révision orale	yq	Dalafoli segikanni						wt
1529599765585	Revue	jl 22	Magazɛn						
1527665647642	Riche nourriture spirituelle	yq	Hakilimaya domuni nafamanba						wt
20017637158	Rompre le pain	bk	Ka buru kari kari						wt
1529599765474	Route de la vie	jl 13	Kisili sira						
4894757744	Royaume	bk	Masaya						wt
-53020406468	Royaume de dieu	bk	Ala ka masaya						wt
1527665647528	Royaume de dieu établi	yq	Ala ka masaya sigira sen kan						wt
1529599765454	Royaume des cieux	jl 12	Sankolo masaya						
1527665647610	Ruine de la terre	yq	Dugukolo tinyɛni						wt
-53018428141	Sabbat	bk	Lafiɲɛlon						wt
1529599765484	Sacrifice de soi	jl 14	Yɛrɛ saraka						
19411554786	Sacrifice rédempteur	bk	Kunmabɔ  saraka						wt
1527665647947	Sacrifice	yq	Saraka	n					wt n
1527665647948	Sacrifier (à faux dieu)	yq	Saraka bɔ		kɛ				wt
-55856535110	Sacrifier	bk	Saraka	v					wt v
1527665648027	Sacrifier (se)	yq	Yɛrɛ saraka (réfléchi)						wt
1527665647730	S'agenouiller	yq	Ka kunbiri gwan duguma						wt
1527665647675	Saine compagnie	yq	Jɛnnyogonya nyuman						wt
27783419677	Saint / Sain / Pur	jl 4	Senuman		Senu				wt
1527665647763	Saisir les occasions propices	yq	Ka tɛmɛ cogoya ɲumanw fɛ						wt
1529599765575	Salle à manger	jl 21	Dumunikɛ boon						
1527665647847	Salle d'assemblées	yq	Lajɛnba boonw						wt
1527665647865	Salle du Royaume	jl 15	Masaya Boon				Massaya Soo	Bambara	wt
-15176835587	Sans foi	bk	Janfanci						wt
1527665647513	Sans jamais renoncer	yq	A ma sɔn k'a dabila abada						wt
1527665647757	S'appliquer à connaître la parole de dieu	yq	Ka sɔbɛ don ka ala ka kuma kalan						wt
-53019012572	Satan	bk	Sitanɛ						wt
1529599765591	Satisfaire un besoin	jl 22	Mako wasa						
19411781712	Sauver du péché et la mort	bk	Ka kisi jurumu ni saya bolo						wt
1529599765404	Sauveur	jl 8	Kisibaga						
27783419557	Savoir lire et écrire		Ka kalan ni sɛbɛri lon						wt
27783419446	Scène du paradis		Alijɛnɛ bisigi						wt
1527665647705	Séances d'excercice	yq	Ka gafe yiracogo degi						wt
1527665647714	Se chercher des excuses	yq	Ka joo di an yɛrɛ ma						wt
1527665647690	Se comparer aux autres	yq	K'an yɛrɛ suma ni mɔgɔw wɛrɛw ye						wt
1527665647956	Secrétaire	yq	Sekeretɛri						wt
1527665647603	Secte	yq	Diinan bolo fara						wt
1529599765545	Se dépêcher	jl 18	Teliya						
1527665647578	Se déverser	yq	Bɔn						wt
1527665647733	Se fixer l'objectif d'être	yq	Ka laɲini ka kɛ … ye						wt
1527665647732	Se fixer personnellement des objectifs	yq	Ka lanyinitaw latigɛ u yɛrɛw ye						wt
1527665647859	Semaine spéciale	yq	Lɔgɔkun kɛrɛnkɛrɛnnin						wt
1529599765398	Se montrer; se glorifier	jl 8	Yɛrɛ yira						
27783419615	Sens (à la vie)		Kuun						wt
1527665647810	Séparer de babylone la grande	yq	Ko an faranna ka bo babilonɛba la						wt
27783419449	Séparons-nous		An ka mabɔ ɲɔgɔnna						wt
27783419562	Se prosterner		Ka kunbiri gwan dɔ kɔrɔ						wt
27783419574	Se repentir		Ka nimisa						wt
1527665647664	Se retirer	yq	Jara						wt
1527665647674	Se réunir avec ceux que nous aimons	yq	Jɛn n'an diyanye mɔgɔw ye						wt
1529599765375	Se réunir avec nos compagnons chrétiens	jl 6	Ka jɛn n'an kerecɛnɲogow ye						
1527665647731	Se réveiller de la mort	yq	Ka kunu ka bɔ saya la						wt
1527665647828	Service à plein temps	yq	Kudayi cidenya baara						wt
1527665647935	Service de pionnier	yq	Piyɔniye baara						wt
1527665647914	Service joyeux	yq	Nyagali baara						wt
1529599765480	Service missionnaire	jl 14	Misɔndenya barra						
-11287332641	Serviteur / adorateur	bk	Sagokɛla						wt
-18949490395	Serviteurs	jl 2	Sagokɛlaw						wt
27783419416	Se sentir heureux		A dusu diyara						wt
27783419417	Se sentir satisfait		A dusu wasara						wt
27783419418	Ses manières d'agir		A ka koow kɛcɔgɔw						wt
27783419535	Se soucier		K'a janto		Jɔrɔ				marked wt
27783419541	Se vouer	jl 11	Yɛrɛkun di						wt
27783419549	S'exposer à un danger		Ka farati bila a sen kɔrɔ						wt
1529599765571	Siège des Témoins de Jéhovah	jl 21	Jehovah Seerew ka sigiyɔrɔsoba						
27783419655	Si les circonstances le permettent		Ni koow cogoya bɛnnen be						wt
1529599765534	Si les problèmes s'abattent sur eux	jl 18	Ni balawo cunna u kan						
1529599765402	Simple	jl 8	Dama kɛɲɛnin						
27783419580	Simplifier sa vie		Ka ɲɛnamaya kɛ nɔgɔman na		An k'an ɲɛnamaya kɛ nɔgɔman na				wt
1529599765522	S'inquiéter	jl 17	Hami						
27783419551	S'intéresser sincèrement à autrui		Ka janto ɲɔgɔn na sɔbɛ la						wt
1527665647965	Site officiel	yq	Site daganin						wt
27783419529	Situation des comptes		Jateminɛw dantigɛli						wt
27783419657	Si un autre est disponible		Ni mɔgɔ wɛrɛ labilanen lo						wt
1527665647903	Si une personne manifeste de l'intérêt	yq	Ni mɔgɔ do y'a mako don an ka baro la						wt
1527665647971	Société	yq	Sosiyete						wt
1529599765369	Soeur	jl 5	Balimamuso						
1527665647750	Soigneusement nettoyé avant l'heure	yq	Ka saniya konyuman ka kɔn lɛri nyɛ						wt
1529599765540	Soins médicaux	jl 18	Furakɛli						
1527665647789	Son amour influence toutes ses actions	yq	Kanuya lo b'a lasun a ka kɛtaw bɛɛ la						wt
1527665647510	Son caractère généreux	yq	A ka sonni dusu						wt
1529599765514	Sonorisation	jl 16	Sono						
-16527240875	Sorte	yq	Sifa		Sifa				wt
1529599765412	Soucis	jl 9	Haminankow						
1529599765513	Souhaiter la bienvenue	jl 16	Ka mɔgɔw bisimila						
1527665647758	Soulever une objection	yq	Ka sɔsɔli lawuli						wt
1527665647684	Souligner (accentuer)	yq	K'a yira ka gwɛ						wt
1527665647657	Source d'encouragement	yq	Jagwɛlɛya sababu						wt
1529599765415	Sous-titre / Intertitre	jl 9	Cɛtigɛ						wt
1527665647614	Souverain de l'univers / Souverain seigneur	yq	Duniɲa kuru bɛɛ masaba						wt
3221065537	Souveraineté de dieu	bk	Ala ka masabaya						wt
1527665647839	Souveraineté	yq	Kuntigiya		Sebagaya		Masabaya		wt
1528499809524	Soyez courageux et mettez votre confiance en Jéhovah	wt	A’ ye aw jagwlɛya ka aw jigi la jehova kan	158					dp
1528499809451	Soyons des auditeurs et des pratiquants de la Parole de Dieu	wt	Aw kana kɛ tulogwerenw ye fewu	9					dp
27783419447	Soyons déterminés à écouter		An k'an cɛsiri k'a lamɛn						wt
1528499809452	Soyons honnêtes en paroles et en actions	wt	An ka koow kɛ ni hɔɔrɔnya ye tuma bɛɛ	10					dp
27783419450	Soyons souples		An ka magaya						wt
27783419711	Statue en bois		Yirimɔgɔnin						wt
27783419470	Stocker		Bila		Bilanin				wt
1527665647696	Succomber aux tentations	yq	Ka ben Kɔrɔboliw na						wt
1529599765482	Suivre les traces de Jésus	jl 14	Ka tagama Yezu seen nɔɔ na						
1527665647973	Sujet controversé	yq	Sɔsɔli kuma						wt
1527665647883	Sujet de préoccupation	yq	mɔgɔ be hami koo min koson						wt
27783419644	Supporter / endurer	bk	Muɲuli	v					v wt
27783419689	Surélévation / Estrade		Tintin						wt
1527665647609	Sur la terre entière	yq	Dugukolo kuru bɛɛ kan		Dugukolo faan bɛɛ la				wt
27783419682	Sur les trottoirs		Siradaw la						wt
1529599765380	Surmonter	jl 6	Ka see sɔrɔ						
1527665647751	Surmonter les obstacles	yq	Ka see sɔrɔ baliw kan						wt
1527665648006	Surveillant au service	yq	Waajulibaara kɔrɔsibaga						wt
1527665647774	Surveillant de circonscription	jl 17	Kafokulu kɔrɔsibaga		Kafokulu kɔrɔsibaga				wt
1527665647811	Surveillant de district	yq	Kobe kɔrɔsigibaga						wt
1527665647848	Surveillant de l'école	yq	Lakoli kɔrɔsibaga						wt
1527665647608	Surveillant de ville	yq	Dugu kɔrɔsibaga						wt
-54217186337	Surveillant itinérant	jl 17	Kɔrɔsibaga tagamakɛlaw						wt
27783419497	Surveillant Président		Diinan mɔgɔkɔrɔw ɲɛbila						wt
1527665647728	Surveiller correctement	yq	Ka kɔrɔsi ka ɲɛ						wt
1529599765567	Surveiller	jl 20	Kɔrɔsi						
1527665647737	Susciter la conversation	yq	Ka mɔgɔ lasun a k'a daa don an ka baro la						wt
1529599765550	Symbole	jl 19	Tagamasiɲɛ						
1527665647783	Symposium	yq	Kalankulu						wt
1527665647565	Système de chose actuel	yq	Bi koow sigicogoya						wt
1527665647814	Système de choses	yq	Koo sigi cogoya		Diɲɛ				wt
1527665647968	Système de sonorisation	yq	Sono juru						wt
1527665647623	Tabernacle	yq	Finiso						wt
1527665647901	Tact	yq	Nɛmɛnɛmɛ						wt
1527665647830	Technique oratoire	yq	Kumacogo fɛɛrɛ						wt
1529599765466	Téléphone	jl 12	Telefɔni						
1527665647954	Témoignage informel	yq	Seereya kɛ sababu dɔ sen fɛ		Sen fɛ seereya		Senfɛ sereya		wt
1527665647958	Témoignage	jl 12	Seereya						wt
1529599765340	Témoin fidèle et véridique	jl 2	Seere tilennin tigitigi						
-53019084841	Témoins de jéhovah	jl 1	Jehova seerew						wt
1527665647953	Témoin	yq	Seere		Seree				wt
1527665647800	Temple	yq	Batosoba						wt
1527665648013	Temps critiques sont là	yq	Wagati gwɛlɛnw sera an kun						wt
1527665648014	Temps imparti	yq	Wagati latigɛlen						wt
1527665647709	Tenir compte de ses limites	yq	Ka janto a ka faamuyali danyoro la						wt
1527665647735	Tenir ferme contre le diable et les démons	yq	Ka lo ka nyɛ ka sitanɛ ni jinaw kunbɛn						wt
1529599765520	Tenir promesse	jl 16	Saratiw dafa						
1527665647818	Tentation	yq	Kɔrɔboli						wt
1527665647704	Tenue raisonnable	yq	Ka fani kɛɲɛnen don						wt
27783419512	Tenue vestimentaire	jl 8	Sawura		Fani				wt
1527665647857	Terre promise	yq	Layidu jamana						wt
1527665648017	Territoire (prédication)	yq	Wajulikɛ yɔrɔ						wt
1527665647804	Territoire / quartier	yq	Kiin		Jamana				alasane wt
1527665647805	Territoire souvent parcouru	yq	Kiin boli-boli siɲɛ caaman						wt
1527665647938	Texte de l'année	yq	Saan ka kalankun		Saan ka bibulusen				wt
1527665647984	Texte du jour	yq	Tilera kalan		Lon o lon ka miiriya				wt
27783419463	Thème / Sujet de conversation	jl 3	Barokun		Kalankun				wt
1527665647525	Théocratie	yq	Ala ka mara cogo						wt
1527665647718	Tirer leçon	yq	Ka kalan sɔrɔ						wt
1527665647739	Tirer profit	yq	Ka nafa sɔrɔ						wt
1528499809450	Titre		Kalankun			Évangélisation/ Ministère		Foi/ Spiritualité	
1527665647702	Toucher le cœur	yq	Ka dusu sɔrɔ						wt
3830892769	Tour de garde	bk	Kɔrɔsili sangaso						wt
1527665648037	Tournée de périodiques	yq	Zurunaliw disira						wt
1529599765595	Tous les décendants	jl 23	Bɔnsɔnw bɛɛ						
1527665647509	Tout au long de son ministère	yq	A ka cidenyabaara kuru bɛɛ la						wt
1529599765334	Tout comme	jl 1	I n’a fɔ						
1529599765495	Toute la terre	jl 14	Diɲɛ faan bɛɛ						
1529599765596	Toutes les langues	jl 23	Kanw bɛɛ						
1529599765455	Toutes les nations	jl 12	Siyaw bɛɛ						
1529599765597	Toutes sortes d'hommes	jl 23	Mɔgɔ sifaw bɛɛ						
1527665647960	Tract / dépliant	yq	Sɛbɛnin						wt
1529599765580	Traducteur	jl 21	Bayɛlɛmabaga						
27783419465	Traduction		Bayɛlɛmani						wt
1529599765353	Traduction de la bible	jl 4	Bibulu bayɛlɛmani						
1529599765594	Traduire	jl 23	Bayɛlɛ						
1529599765593	Traduit	jl 23	Bayɛlɛma						
1527665647681	Transgresseur	yq	Jurumukɛla						wt
1529599765547	Transmettre/envoyer	jl 18	Lase						
1529599765543	Transport	jl 18	Taransipɔri						
1529599765512	Travail manuel	jl 16	Bolo baara						
1527665647552	Travail profane	yq	Baloɲini baara						wt
1527665647978	Trébucher (physiquement)	yq	Talon						wt
1527665647838	Trébucher (spirituellement)	yq	Kunnatiɲɛ						wt
27783419649	Trésor inestimable		Nafolo nafamanba						wt
27783419441	Trésor spirituel	jl 9	Lɔnniya nafolo						wt
1529599765337	Tribunal	jl 2	Kititigɛso						
27783419438	Trinité		Ala sabaya						wt
1527665647876	Trop décontracté	yq	Min labilanen lo kojugu						wt
1528499809472	Trouvons la consolation dans toutes nos tribulations	wt	An ka dususaalo sɔrɔ an ka tɔɔrɔw bɛɛ la	105					dp
1527665647928	Un article l'a poussé	yq	O kalan y'a lasun						wt
1527665648015	Un autre moment de la journée	yq	Wagati wɛrɛ la tile kɔnɔ						wt
1528499809460	Une bonne nouvelle dans un monde de violence	wt	Kibaro duman, dunia fariman kan	85					dp
1528499809488	Une communauté mondiale de frères sauvée du malheur	wt	Duniɲa kuru bɛɛ kɔnɔ balimaya jɛnkulu min kisira ka bɔ bɔnɛ la	121					dp
1528499809510	Une congrégation fidèle sous la direction de Christ	wt	Kafo kantigiman, min be kirista ka kuntigiya jukɔrɔ	144					dp
1529599765536	Une partie du monde	jl 18	Duniɲa faan dɔ						
1527665647617	Une tenue et une coiffure modeste	yq	Fanidocogo ni kuun masiricogo dama kɛɲɛnen						wt
1528499809477	Une vie de famille heureuse : en accordant la première place a Dieu	wt	Gwa hɛɛrɛman: ni ala ka koow be bila koow bɛɛ ɲɛ	110					dp
1528499809551	Unissez-vous au peuple heureux de Dieu	wt	A’ ye jɛn ni ala ka jama ye o min be hɛɛrɛ la	186					dp
1528499809512	Utilisons l'instruction pour louer Jéhovah	wt	An ka baara kɛ ni kalan ye walisa ka jehova tando	146					dp
1529599765328	Valeurs de Dieu	jl 1	Ala ka fɔtaw						
20017782740	Valider	bk	Sɛmɛtiya						wt
1529599765503	Veiller sur	jl 15	Janto						
1528499809464	Venez, vous qui avez soif de vérité	wt	Tiɲɛn minnɔgɔ be aw minw na, a’ ye na!	89					dp
27783419680	Vérification		Sɛgɛsɛgɛri						wt
1527665647813	Vérifions les choses les plus importantes	yq	Koo minw kɔrɔtanin lo ka tɛmɛ tɔɔw kan, aw k'olu faranfasi						wt
1529599765556	Vérités bibliques	jl 19	Bibulu ka tiɲɛn kumaw						
1529599765339	Véritité	jl 2	Tiɲɛn						
1527665648000	Verset clé	yq	Vɛrise jonjon						wt
1527665647999	Verset	jl 9	Vɛrise		Bibulusen				wt
27783419429	Veuillez l'utiliser largement		A' ye baara kɛ n'a ye caaman						wt
1529599765607	Veuve	jl 24	Firiyamuso						
1527665647564	Vie actuelle	yq	Bi ka ɲɛnamaya						wt
1529599765311	Vie	jl	Ɲenamaya						
1529599765489	Village	jl 14	Dugudennin						
20017719262	Vin	bk	Duvɛn						wt
1528499809536	Vivez dans la paix des a present et pour l'éternité !	wt	Aw be se ka ɲɛnamaya kɛ hɛɛrɛ la sisan, ani fɔɔ abada!	171					dp
1528499809504	Vivons avec bon sens au sein d'un monde depravé	wt	An ka ɲɛnamaya kɛ ni hakilisigi ye kakalaya duniya kɔnɔ	138					dp
1527665647747	Vivre dans l'attachement à dieu	yq	Ka ɲɛnamaya kɛ k'an masirilen to ala la						wt
1529599765467	Voisins	jl 12	Sigiɲɔgɔnw						
27783419439	Volonté de Dieu / divine	jl Intro	Ala sago						wt
27783419665	Volonté		Ŋaniya						wt
27783419499	Volonté / Plaisir		Diyanako						wt
27783419705	Vous êtes-vous jamais demandé		Yala i delila k'i yɛrɛ ɲiniga ni…						wt
1528499809516	Voyez-vous en Dieu une personne réelle ?	wt	Yala ala ye tiɲɛn ye aw ɲɛɛ na wa?	150					dp
1529599765367	Vrai ami	jl 5	Teri sɔbɛ						
1529599765611	Vrai culte	jl 25	Tijɛn batoli						
1529599765312	Vrai disciple	jl	Kalanden sɔbɛ						
1529599765317	Vraie foi	jl	Limaniya lakika						
1529599765316	Vrai enseignement	jl	Kalan lakika						
1529599765553	Vrai étudiant	jl 19	Kalanden lakikaw						
1529599765347	Vrai	jl 3	Lakika						
-4632780310	Waa kɛmɛ ni bi segi ni looru	bk	185 000						wt
1529599765518	Zèle	jl 16	Kisɛya						
